trial,params,cv_accuracy_mean,cv_accuracy_std,cv_f1_mean,cv_roc_auc_mean
73,"{'class_weight': None, 'criterion': 'entropy', 'max_depth': 6, 'min_samples_leaf': 1, 'min_samples_split': 2}",0.8188811188811188,0.024031667931078256,0.732864286521159,0.84865848928153
74,"{'class_weight': None, 'criterion': 'entropy', 'max_depth': 6, 'min_samples_leaf': 1, 'min_samples_split': 10}",0.8174726681768935,0.02172575989511835,0.730320426872036,0.8449801436517739
119,"{'class_weight': 'balanced', 'criterion': 'gini', 'max_depth': 6, 'min_samples_leaf': 1, 'min_samples_split': 10}",0.8160346695557962,0.02222088480758814,0.7551505161389198,0.8401282812450525
29,"{'class_weight': None, 'criterion': 'gini', 'max_depth': 6, 'min_samples_leaf': 1, 'min_samples_split': 10}",0.8160149709445484,0.01619553522503636,0.736297609170357,0.8424208912531796
75,"{'class_weight': None, 'criterion': 'entropy', 'max_depth': 6, 'min_samples_leaf': 1, 'min_samples_split': 20}",0.8146459174628188,0.015907021940182054,0.730421347726741,0.8475084438955912
31,"{'class_weight': None, 'criterion': 'gini', 'max_depth': 6, 'min_samples_leaf': 5, 'min_samples_split': 2}",0.8146360681571949,0.02086251729703732,0.7370287369854319,0.849499831122088
32,"{'class_weight': None, 'criterion': 'gini', 'max_depth': 6, 'min_samples_leaf': 5, 'min_samples_split': 10}",0.8146360681571949,0.02086251729703732,0.7370287369854319,0.849499831122088
118,"{'class_weight': 'balanced', 'criterion': 'gini', 'max_depth': 6, 'min_samples_leaf': 1, 'min_samples_split': 2}",0.8132276174529697,0.02709904664717267,0.7514349089349088,0.8374759876719124
16,"{'class_weight': None, 'criterion': 'gini', 'max_depth': 4, 'min_samples_leaf': 10, 'min_samples_split': 2}",0.8132276174529697,0.014784709965538346,0.7270785097446646,0.8495646380207509
17,"{'class_weight': None, 'criterion': 'gini', 'max_depth': 4, 'min_samples_leaf': 10, 'min_samples_split': 10}",0.8132276174529697,0.014784709965538346,0.7270785097446646,0.8495646380207509
18,"{'class_weight': None, 'criterion': 'gini', 'max_depth': 4, 'min_samples_leaf': 10, 'min_samples_split': 20}",0.8132276174529697,0.014784709965538346,0.7270785097446646,0.8495646380207509
61,"{'class_weight': None, 'criterion': 'entropy', 'max_depth': 4, 'min_samples_leaf': 10, 'min_samples_split': 2}",0.8132276174529697,0.014784709965538346,0.7270785097446646,0.8448273619159199
62,"{'class_weight': None, 'criterion': 'entropy', 'max_depth': 4, 'min_samples_leaf': 10, 'min_samples_split': 10}",0.8132276174529697,0.014784709965538346,0.7270785097446646,0.8448273619159199
63,"{'class_weight': None, 'criterion': 'entropy', 'max_depth': 4, 'min_samples_leaf': 10, 'min_samples_split': 20}",0.8132276174529697,0.014784709965538346,0.7270785097446646,0.8448273619159199
28,"{'class_weight': None, 'criterion': 'gini', 'max_depth': 6, 'min_samples_leaf': 1, 'min_samples_split': 2}",0.8132177681473458,0.017951353184673502,0.7322727164230923,0.8398186277614178
55,"{'class_weight': None, 'criterion': 'entropy', 'max_depth': 4, 'min_samples_leaf': 1, 'min_samples_split': 2}",0.8118191667487441,0.015995266268455984,0.7264693418684536,0.8484159119934983
56,"{'class_weight': None, 'criterion': 'entropy', 'max_depth': 4, 'min_samples_leaf': 1, 'min_samples_split': 10}",0.8118191667487441,0.015995266268455984,0.7264693418684536,0.8476426622547312
30,"{'class_weight': None, 'criterion': 'gini', 'max_depth': 6, 'min_samples_leaf': 1, 'min_samples_split': 20}",0.8117994681374963,0.011170458741917336,0.7328919624832395,0.8442327533432549
12,"{'class_weight': None, 'criterion': 'gini', 'max_depth': 4, 'min_samples_leaf': 1, 'min_samples_split': 20}",0.8117994681374963,0.005140224179462022,0.7265335023360522,0.8506996163304941
38,"{'class_weight': None, 'criterion': 'gini', 'max_depth': None, 'min_samples_leaf': 1, 'min_samples_split': 10}",0.8104205653501427,0.021090318845522812,0.7423774299563745,0.8253315416442375
57,"{'class_weight': None, 'criterion': 'entropy', 'max_depth': 4, 'min_samples_leaf': 1, 'min_samples_split': 20}",0.8104107160445189,0.013782427258955978,0.7262779985703377,0.8480230201703556
10,"{'class_weight': None, 'criterion': 'gini', 'max_depth': 4, 'min_samples_leaf': 1, 'min_samples_split': 2}",0.8104107160445189,0.011421177678393162,0.7237005089863143,0.8480272948924986
11,"{'class_weight': None, 'criterion': 'gini', 'max_depth': 4, 'min_samples_leaf': 1, 'min_samples_split': 10}",0.8104107160445189,0.011421177678393162,0.7237005089863143,0.8465207192088069
76,"{'class_weight': None, 'criterion': 'entropy', 'max_depth': 6, 'min_samples_leaf': 5, 'min_samples_split': 2}",0.8090219639515415,0.022957820827087153,0.7281624076598078,0.8427831079868697
77,"{'class_weight': None, 'criterion': 'entropy', 'max_depth': 6, 'min_samples_leaf': 5, 'min_samples_split': 10}",0.8090219639515415,0.022957820827087153,0.7281624076598078,0.8427831079868697
40,"{'class_weight': None, 'criterion': 'gini', 'max_depth': None, 'min_samples_leaf': 5, 'min_samples_split': 2}",0.8090121146459175,0.00758757162131459,0.7413907392818839,0.8298156460107871
41,"{'class_weight': None, 'criterion': 'gini', 'max_depth': None, 'min_samples_leaf': 5, 'min_samples_split': 10}",0.8090121146459175,0.00758757162131459,0.7413907392818839,0.8298156460107871
33,"{'class_weight': None, 'criterion': 'gini', 'max_depth': 6, 'min_samples_leaf': 5, 'min_samples_split': 20}",0.8090022653402935,0.017280931609335002,0.733219042730811,0.845983845772247
15,"{'class_weight': None, 'criterion': 'gini', 'max_depth': 4, 'min_samples_leaf': 5, 'min_samples_split': 20}",0.8090022653402935,0.011829282581284583,0.723596884986444,0.8510027521822192
60,"{'class_weight': None, 'criterion': 'entropy', 'max_depth': 4, 'min_samples_leaf': 5, 'min_samples_split': 20}",0.8090022653402935,0.011829282581284583,0.723596884986444,0.8476393506644289
13,"{'class_weight': None, 'criterion': 'gini', 'max_depth': 4, 'min_samples_leaf': 5, 'min_samples_split': 2}",0.8090022653402935,0.011829282581284583,0.7222092809161389,0.8529839539596594
14,"{'class_weight': None, 'criterion': 'gini', 'max_depth': 4, 'min_samples_leaf': 5, 'min_samples_split': 10}",0.8090022653402935,0.011829282581284583,0.7222092809161389,0.8529839539596594
58,"{'class_weight': None, 'criterion': 'entropy', 'max_depth': 4, 'min_samples_leaf': 5, 'min_samples_split': 2}",0.8090022653402935,0.011829282581284583,0.7222092809161389,0.8499772806434249
59,"{'class_weight': None, 'criterion': 'entropy', 'max_depth': 4, 'min_samples_leaf': 5, 'min_samples_split': 10}",0.8090022653402935,0.011829282581284583,0.7222092809161389,0.8499772806434249
78,"{'class_weight': None, 'criterion': 'entropy', 'max_depth': 6, 'min_samples_leaf': 5, 'min_samples_split': 20}",0.8076135132473162,0.020819498478992043,0.7298988340771444,0.8449059825000264
120,"{'class_weight': 'balanced', 'criterion': 'gini', 'max_depth': 6, 'min_samples_leaf': 1, 'min_samples_split': 20}",0.8076036639416921,0.01950685749890833,0.7487865695181821,0.8412408172635446
66,"{'class_weight': None, 'criterion': 'entropy', 'max_depth': 5, 'min_samples_leaf': 1, 'min_samples_split': 20}",0.8075938146360683,0.012106154922368925,0.7206570454268665,0.8463514454893766
65,"{'class_weight': None, 'criterion': 'entropy', 'max_depth': 5, 'min_samples_leaf': 1, 'min_samples_split': 10}",0.8075938146360683,0.012106154922368925,0.7160324361628709,0.8340912521241675
19,"{'class_weight': None, 'criterion': 'gini', 'max_depth': 5, 'min_samples_leaf': 1, 'min_samples_split': 2}",0.807593814636068,0.01028486357309692,0.7217122952204398,0.8463169838404948
20,"{'class_weight': None, 'criterion': 'gini', 'max_depth': 5, 'min_samples_leaf': 1, 'min_samples_split': 10}",0.807593814636068,0.006862641077028732,0.7208855798958461,0.8407969850015306
22,"{'class_weight': None, 'criterion': 'gini', 'max_depth': 5, 'min_samples_leaf': 5, 'min_samples_split': 2}",0.8062149118487149,0.015306340649629942,0.7209040047671192,0.8426349835871779
23,"{'class_weight': None, 'criterion': 'gini', 'max_depth': 5, 'min_samples_leaf': 5, 'min_samples_split': 10}",0.8062149118487149,0.015306340649629942,0.7209040047671192,0.8426349835871779
67,"{'class_weight': None, 'criterion': 'entropy', 'max_depth': 5, 'min_samples_leaf': 5, 'min_samples_split': 2}",0.8062050625430908,0.013393549199477281,0.7207989153108052,0.8351191512829444
68,"{'class_weight': None, 'criterion': 'entropy', 'max_depth': 5, 'min_samples_leaf': 5, 'min_samples_split': 10}",0.8062050625430908,0.013393549199477281,0.7207989153108052,0.8351191512829444
21,"{'class_weight': None, 'criterion': 'gini', 'max_depth': 5, 'min_samples_leaf': 1, 'min_samples_split': 20}",0.8061952132374668,0.006698078204047347,0.7228670061041613,0.8457316503593933
46,"{'class_weight': None, 'criterion': 'entropy', 'max_depth': 3, 'min_samples_leaf': 1, 'min_samples_split': 2}",0.8061853639318428,0.012916815148701617,0.719359838332493,0.8314953479412728
47,"{'class_weight': None, 'criterion': 'entropy', 'max_depth': 3, 'min_samples_leaf': 1, 'min_samples_split': 10}",0.8061853639318428,0.012916815148701617,0.719359838332493,0.8314953479412728
1,"{'class_weight': None, 'criterion': 'gini', 'max_depth': 3, 'min_samples_leaf': 1, 'min_samples_split': 2}",0.8061853639318428,0.012916815148701617,0.7179722342621878,0.8348355683269476
2,"{'class_weight': None, 'criterion': 'gini', 'max_depth': 3, 'min_samples_leaf': 1, 'min_samples_split': 10}",0.8061853639318428,0.012916815148701617,0.7179722342621878,0.8348355683269476
84,"{'class_weight': None, 'criterion': 'entropy', 'max_depth': None, 'min_samples_leaf': 1, 'min_samples_split': 20}",0.8048064611444893,0.013152736325742329,0.7334528258547068,0.8446867446671522
110,"{'class_weight': 'balanced', 'criterion': 'gini', 'max_depth': 5, 'min_samples_leaf': 1, 'min_samples_split': 10}",0.8047867625332416,0.013404503304934277,0.7474551179814337,0.8402876333871632
6,"{'class_weight': None, 'criterion': 'gini', 'max_depth': 3, 'min_samples_leaf': 5, 'min_samples_split': 20}",0.8047769132276175,0.011169407879119155,0.7178041302565379,0.8361930432855198
7,"{'class_weight': None, 'criterion': 'gini', 'max_depth': 3, 'min_samples_leaf': 10, 'min_samples_split': 2}",0.8047769132276175,0.011169407879119155,0.7178041302565379,0.8361930432855198
8,"{'class_weight': None, 'criterion': 'gini', 'max_depth': 3, 'min_samples_leaf': 10, 'min_samples_split': 10}",0.8047769132276175,0.011169407879119155,0.7178041302565379,0.8361930432855198
9,"{'class_weight': None, 'criterion': 'gini', 'max_depth': 3, 'min_samples_leaf': 10, 'min_samples_split': 20}",0.8047769132276175,0.011169407879119155,0.7178041302565379,0.8361930432855198
3,"{'class_weight': None, 'criterion': 'gini', 'max_depth': 3, 'min_samples_leaf': 1, 'min_samples_split': 20}",0.8047769132276175,0.011169407879119155,0.7178041302565379,0.8357384978309744
48,"{'class_weight': None, 'criterion': 'entropy', 'max_depth': 3, 'min_samples_leaf': 1, 'min_samples_split': 20}",0.8047769132276175,0.011169407879119155,0.7178041302565379,0.8308073683543903
51,"{'class_weight': None, 'criterion': 'entropy', 'max_depth': 3, 'min_samples_leaf': 5, 'min_samples_split': 20}",0.8047769132276175,0.011169407879119155,0.7178041302565379,0.8308073683543903
52,"{'class_weight': None, 'criterion': 'entropy', 'max_depth': 3, 'min_samples_leaf': 10, 'min_samples_split': 2}",0.8047769132276175,0.011169407879119155,0.7178041302565379,0.8308073683543903
53,"{'class_weight': None, 'criterion': 'entropy', 'max_depth': 3, 'min_samples_leaf': 10, 'min_samples_split': 10}",0.8047769132276175,0.011169407879119155,0.7178041302565379,0.8308073683543903
54,"{'class_weight': None, 'criterion': 'entropy', 'max_depth': 3, 'min_samples_leaf': 10, 'min_samples_split': 20}",0.8047769132276175,0.011169407879119155,0.7178041302565379,0.8308073683543903
49,"{'class_weight': None, 'criterion': 'entropy', 'max_depth': 3, 'min_samples_leaf': 5, 'min_samples_split': 2}",0.8047769132276175,0.011169407879119155,0.7178041302565379,0.8300577351361051
50,"{'class_weight': None, 'criterion': 'entropy', 'max_depth': 3, 'min_samples_leaf': 5, 'min_samples_split': 10}",0.8047769132276175,0.011169407879119155,0.7178041302565379,0.8300577351361051
4,"{'class_weight': None, 'criterion': 'gini', 'max_depth': 3, 'min_samples_leaf': 5, 'min_samples_split': 2}",0.8047769132276175,0.011169407879119155,0.7164165261862326,0.8358359720507057
5,"{'class_weight': None, 'criterion': 'gini', 'max_depth': 3, 'min_samples_leaf': 5, 'min_samples_split': 10}",0.8047769132276175,0.011169407879119155,0.7164165261862326,0.8358359720507057
121,"{'class_weight': 'balanced', 'criterion': 'gini', 'max_depth': 6, 'min_samples_leaf': 5, 'min_samples_split': 2}",0.803427558357136,0.025479919503408527,0.7413764039702739,0.8459538831364851
122,"{'class_weight': 'balanced', 'criterion': 'gini', 'max_depth': 6, 'min_samples_leaf': 5, 'min_samples_split': 10}",0.803427558357136,0.025479919503408527,0.7413764039702739,0.8459538831364851
24,"{'class_weight': None, 'criterion': 'gini', 'max_depth': 5, 'min_samples_leaf': 5, 'min_samples_split': 20}",0.803398010440264,0.012889667019690085,0.7201221785881804,0.8423329428031622
42,"{'class_weight': None, 'criterion': 'gini', 'max_depth': None, 'min_samples_leaf': 5, 'min_samples_split': 20}",0.8033881611346402,0.005667297645292489,0.7384121265997672,0.8422929926221462
69,"{'class_weight': None, 'criterion': 'entropy', 'max_depth': 5, 'min_samples_leaf': 5, 'min_samples_split': 20}",0.8033881611346401,0.011446766214584405,0.7200323428340409,0.839637506200986
85,"{'class_weight': None, 'criterion': 'entropy', 'max_depth': None, 'min_samples_leaf': 5, 'min_samples_split': 2}",0.8020092583472864,0.022891036470503986,0.7368817166868699,0.835962920743485
86,"{'class_weight': None, 'criterion': 'entropy', 'max_depth': None, 'min_samples_leaf': 5, 'min_samples_split': 10}",0.8020092583472864,0.022891036470503986,0.7368817166868699,0.835962920743485
109,"{'class_weight': 'balanced', 'criterion': 'gini', 'max_depth': 5, 'min_samples_leaf': 1, 'min_samples_split': 2}",0.8019895597360387,0.019269768122387326,0.7449490163253631,0.8386285266457681
64,"{'class_weight': None, 'criterion': 'entropy', 'max_depth': 5, 'min_samples_leaf': 1, 'min_samples_split': 2}",0.8019895597360387,0.011687328986137096,0.7063149771576739,0.8363743099754071
154,"{'class_weight': 'balanced', 'criterion': 'entropy', 'max_depth': 5, 'min_samples_leaf': 1, 'min_samples_split': 2}",0.8019698611247907,0.01352196673789774,0.744029179830583,0.8353048114372565
155,"{'class_weight': 'balanced', 'criterion': 'entropy', 'max_depth': 5, 'min_samples_leaf': 1, 'min_samples_split': 10}",0.8019698611247907,0.011965321422183154,0.7439952008975215,0.8369780353165934
156,"{'class_weight': 'balanced', 'criterion': 'entropy', 'max_depth': 5, 'min_samples_leaf': 1, 'min_samples_split': 20}",0.7991726583275879,0.011110566824398807,0.7430384988933779,0.8400186029574744
164,"{'class_weight': 'balanced', 'criterion': 'entropy', 'max_depth': 6, 'min_samples_leaf': 1, 'min_samples_split': 10}",0.7991726583275879,0.02230670946458421,0.7407310792655621,0.8443160576506971
39,"{'class_weight': None, 'criterion': 'gini', 'max_depth': None, 'min_samples_leaf': 1, 'min_samples_split': 20}",0.7991431104107161,0.020823155879120554,0.7291231972188983,0.8308106271703452
123,"{'class_weight': 'balanced', 'criterion': 'gini', 'max_depth': 6, 'min_samples_leaf': 5, 'min_samples_split': 20}",0.7977937555402345,0.01752055545918894,0.7381357574517236,0.8450602155304349
111,"{'class_weight': 'balanced', 'criterion': 'gini', 'max_depth': 5, 'min_samples_leaf': 1, 'min_samples_split': 20}",0.7977839062346105,0.017600006401522747,0.7425325818702495,0.840638266151589
163,"{'class_weight': 'balanced', 'criterion': 'entropy', 'max_depth': 6, 'min_samples_leaf': 1, 'min_samples_split': 2}",0.7977839062346104,0.028355506009381658,0.7386355651056029,0.8409042224755392
112,"{'class_weight': 'balanced', 'criterion': 'gini', 'max_depth': 5, 'min_samples_leaf': 5, 'min_samples_split': 2}",0.796395154141633,0.019838971034959775,0.7384952519505666,0.8404257702416009
113,"{'class_weight': 'balanced', 'criterion': 'gini', 'max_depth': 5, 'min_samples_leaf': 5, 'min_samples_split': 10}",0.796395154141633,0.019838971034959775,0.7384952519505666,0.8404257702416009
157,"{'class_weight': 'balanced', 'criterion': 'entropy', 'max_depth': 5, 'min_samples_leaf': 5, 'min_samples_split': 2}",0.7949867034374076,0.017997729711363725,0.7356953838497282,0.8338042652227605
158,"{'class_weight': 'balanced', 'criterion': 'entropy', 'max_depth': 5, 'min_samples_leaf': 5, 'min_samples_split': 10}",0.7949867034374076,0.017997729711363725,0.7356953838497282,0.8338042652227605
87,"{'class_weight': None, 'criterion': 'entropy', 'max_depth': None, 'min_samples_leaf': 5, 'min_samples_split': 20}",0.7949670048261598,0.013932733183103821,0.7307411047573411,0.84037125434069
37,"{'class_weight': None, 'criterion': 'gini', 'max_depth': None, 'min_samples_leaf': 1, 'min_samples_split': 2}",0.7949571555205358,0.010979418186812268,0.7294908960168717,0.7809495292528208
168,"{'class_weight': 'balanced', 'criterion': 'entropy', 'max_depth': 6, 'min_samples_leaf': 5, 'min_samples_split': 20}",0.7935881020388063,0.026849731025021372,0.73461921280024,0.8355893839122679
166,"{'class_weight': 'balanced', 'criterion': 'entropy', 'max_depth': 6, 'min_samples_leaf': 5, 'min_samples_split': 2}",0.7935881020388063,0.024125644428277825,0.7337468591229171,0.8373307526677433
167,"{'class_weight': 'balanced', 'criterion': 'entropy', 'max_depth': 6, 'min_samples_leaf': 5, 'min_samples_split': 10}",0.7935881020388063,0.024125644428277825,0.7337468591229171,0.8373307526677433
114,"{'class_weight': 'balanced', 'criterion': 'gini', 'max_depth': 5, 'min_samples_leaf': 5, 'min_samples_split': 20}",0.7935782527331823,0.018155815775598907,0.7367249402829492,0.8394721377832663
165,"{'class_weight': 'balanced', 'criterion': 'entropy', 'max_depth': 6, 'min_samples_leaf': 1, 'min_samples_split': 20}",0.7935585541219343,0.02230114222534148,0.7360846020493984,0.84495594661347
146,"{'class_weight': 'balanced', 'criterion': 'entropy', 'max_depth': 4, 'min_samples_leaf': 1, 'min_samples_split': 10}",0.7935290062050626,0.02879133480475712,0.7319080855108959,0.8526381368544378
145,"{'class_weight': 'balanced', 'criterion': 'entropy', 'max_depth': 4, 'min_samples_leaf': 1, 'min_samples_split': 2}",0.7935290062050626,0.028444746895996277,0.7317916830399802,0.8518751913070096
88,"{'class_weight': None, 'criterion': 'entropy', 'max_depth': None, 'min_samples_leaf': 10, 'min_samples_split': 2}",0.7935191568994385,0.01723790005236038,0.7176794699709879,0.8457334183000327
89,"{'class_weight': None, 'criterion': 'entropy', 'max_depth': None, 'min_samples_leaf': 10, 'min_samples_split': 10}",0.7935191568994385,0.01723790005236038,0.7176794699709879,0.8457334183000327
90,"{'class_weight': None, 'criterion': 'entropy', 'max_depth': None, 'min_samples_leaf': 10, 'min_samples_split': 20}",0.7935191568994385,0.01723790005236038,0.7176794699709879,0.8457334183000327
79,"{'class_weight': None, 'criterion': 'entropy', 'max_depth': 6, 'min_samples_leaf': 10, 'min_samples_split': 2}",0.7935191568994385,0.01723790005236038,0.7133026586634834,0.8380124916880403
80,"{'class_weight': None, 'criterion': 'entropy', 'max_depth': 6, 'min_samples_leaf': 10, 'min_samples_split': 10}",0.7935191568994385,0.01723790005236038,0.7133026586634834,0.8380124916880403
81,"{'class_weight': None, 'criterion': 'entropy', 'max_depth': 6, 'min_samples_leaf': 10, 'min_samples_split': 20}",0.7935191568994385,0.01723790005236038,0.7133026586634834,0.8380124916880403
159,"{'class_weight': 'balanced', 'criterion': 'entropy', 'max_depth': 5, 'min_samples_leaf': 5, 'min_samples_split': 20}",0.792169802028957,0.016488467176551468,0.733913978851298,0.8323575488426584
70,"{'class_weight': None, 'criterion': 'entropy', 'max_depth': 5, 'min_samples_leaf': 10, 'min_samples_split': 2}",0.7921304048064612,0.013845370391526972,0.7063251105713843,0.8430954265750504
71,"{'class_weight': None, 'criterion': 'entropy', 'max_depth': 5, 'min_samples_leaf': 10, 'min_samples_split': 10}",0.7921304048064612,0.013845370391526972,0.7063251105713843,0.8430954265750504
72,"{'class_weight': None, 'criterion': 'entropy', 'max_depth': 5, 'min_samples_leaf': 10, 'min_samples_split': 20}",0.7921304048064612,0.013845370391526972,0.7063251105713843,0.8430954265750504
43,"{'class_weight': None, 'criterion': 'gini', 'max_depth': None, 'min_samples_leaf': 10, 'min_samples_split': 2}",0.7921304048064611,0.01816597555964479,0.7155363474670404,0.8368208996970752
44,"{'class_weight': None, 'criterion': 'gini', 'max_depth': None, 'min_samples_leaf': 10, 'min_samples_split': 10}",0.7921304048064611,0.01816597555964479,0.7155363474670404,0.8368208996970752
45,"{'class_weight': None, 'criterion': 'gini', 'max_depth': None, 'min_samples_leaf': 10, 'min_samples_split': 20}",0.7921304048064611,0.01816597555964479,0.7155363474670404,0.8368208996970752
34,"{'class_weight': None, 'criterion': 'gini', 'max_depth': 6, 'min_samples_leaf': 10, 'min_samples_split': 2}",0.7921304048064611,0.01816597555964479,0.7111595361595362,0.8400350949410511
35,"{'class_weight': None, 'criterion': 'gini', 'max_depth': 6, 'min_samples_leaf': 10, 'min_samples_split': 10}",0.7921304048064611,0.01816597555964479,0.7111595361595362,0.8400350949410511
36,"{'class_weight': None, 'criterion': 'gini', 'max_depth': 6, 'min_samples_leaf': 10, 'min_samples_split': 20}",0.7921304048064611,0.01816597555964479,0.7111595361595362,0.8400350949410511
83,"{'class_weight': None, 'criterion': 'entropy', 'max_depth': None, 'min_samples_leaf': 1, 'min_samples_split': 10}",0.7907416527134836,0.017305804561290192,0.725612896836455,0.8180027416273499
147,"{'class_weight': 'balanced', 'criterion': 'entropy', 'max_depth': 4, 'min_samples_leaf': 1, 'min_samples_split': 20}",0.7907219541022359,0.027291190694095652,0.7302132614405469,0.8521074248229421
128,"{'class_weight': 'balanced', 'criterion': 'gini', 'max_depth': None, 'min_samples_leaf': 1, 'min_samples_split': 10}",0.7907219541022358,0.012234748613340054,0.7386566633358419,0.8273263196225578
25,"{'class_weight': None, 'criterion': 'gini', 'max_depth': 5, 'min_samples_leaf': 10, 'min_samples_split': 2}",0.7893430513148824,0.017557049638366014,0.7082020414367876,0.8433611981887845
26,"{'class_weight': None, 'criterion': 'gini', 'max_depth': 5, 'min_samples_leaf': 10, 'min_samples_split': 10}",0.7893430513148824,0.017557049638366014,0.7082020414367876,0.8433611981887845
27,"{'class_weight': None, 'criterion': 'gini', 'max_depth': 5, 'min_samples_leaf': 10, 'min_samples_split': 20}",0.7893430513148824,0.017557049638366014,0.7082020414367876,0.8433611981887845
150,"{'class_weight': 'balanced', 'criterion': 'entropy', 'max_depth': 4, 'min_samples_leaf': 5, 'min_samples_split': 20}",0.7893135033980105,0.022371032083003974,0.7275938743593318,0.8516185364617966
148,"{'class_weight': 'balanced', 'criterion': 'entropy', 'max_depth': 4, 'min_samples_leaf': 5, 'min_samples_split': 2}",0.7893135033980105,0.022371032083003974,0.7264788113967249,0.8530730766389075
149,"{'class_weight': 'balanced', 'criterion': 'entropy', 'max_depth': 4, 'min_samples_leaf': 5, 'min_samples_split': 10}",0.7893135033980105,0.022371032083003974,0.7264788113967249,0.8530730766389075
82,"{'class_weight': None, 'criterion': 'entropy', 'max_depth': None, 'min_samples_leaf': 1, 'min_samples_split': 2}",0.7892839554811386,0.017130074758812272,0.7275406753452562,0.7813853266204364
101,"{'class_weight': 'balanced', 'criterion': 'gini', 'max_depth': 4, 'min_samples_leaf': 1, 'min_samples_split': 10}",0.7865458485176795,0.03414978255289821,0.7329875389107812,0.8487377827385666
100,"{'class_weight': 'balanced', 'criterion': 'gini', 'max_depth': 4, 'min_samples_leaf': 1, 'min_samples_split': 2}",0.7865458485176795,0.03356386420967606,0.7328416276066294,0.849483405106446
151,"{'class_weight': 'balanced', 'criterion': 'entropy', 'max_depth': 4, 'min_samples_leaf': 10, 'min_samples_split': 2}",0.7850881512853344,0.02711986227495159,0.7250717874310968,0.8501908452339487
152,"{'class_weight': 'balanced', 'criterion': 'entropy', 'max_depth': 4, 'min_samples_leaf': 10, 'min_samples_split': 10}",0.7850881512853344,0.02711986227495159,0.7250717874310968,0.8501908452339487
153,"{'class_weight': 'balanced', 'criterion': 'entropy', 'max_depth': 4, 'min_samples_leaf': 10, 'min_samples_split': 20}",0.7850881512853344,0.02711986227495159,0.7250717874310968,0.8501908452339487
91,"{'class_weight': 'balanced', 'criterion': 'gini', 'max_depth': 3, 'min_samples_leaf': 1, 'min_samples_split': 2}",0.7850881512853343,0.03452166868281293,0.7106351858590114,0.8431405222549422
92,"{'class_weight': 'balanced', 'criterion': 'gini', 'max_depth': 3, 'min_samples_leaf': 1, 'min_samples_split': 10}",0.7850881512853343,0.03452166868281293,0.7106351858590114,0.8431405222549422
102,"{'class_weight': 'balanced', 'criterion': 'gini', 'max_depth': 4, 'min_samples_leaf': 1, 'min_samples_split': 20}",0.7823303457106274,0.030293828751070843,0.7296133719465063,0.8480449347181322
136,"{'class_weight': 'balanced', 'criterion': 'entropy', 'max_depth': 3, 'min_samples_leaf': 1, 'min_samples_split': 2}",0.7822810991825077,0.033462484976322523,0.7027529777053853,0.8371312524408137
137,"{'class_weight': 'balanced', 'criterion': 'entropy', 'max_depth': 3, 'min_samples_leaf': 1, 'min_samples_split': 10}",0.7822810991825077,0.033462484976322523,0.7027529777053853,0.8371312524408137
96,"{'class_weight': 'balanced', 'criterion': 'gini', 'max_depth': 3, 'min_samples_leaf': 5, 'min_samples_split': 20}",0.7822712498768836,0.0335202186812956,0.7088247169067248,0.84365554711166
97,"{'class_weight': 'balanced', 'criterion': 'gini', 'max_depth': 3, 'min_samples_leaf': 10, 'min_samples_split': 2}",0.7822712498768836,0.0335202186812956,0.7088247169067248,0.84365554711166
98,"{'class_weight': 'balanced', 'criterion': 'gini', 'max_depth': 3, 'min_samples_leaf': 10, 'min_samples_split': 10}",0.7822712498768836,0.0335202186812956,0.7088247169067248,0.84365554711166
99,"{'class_weight': 'balanced', 'criterion': 'gini', 'max_depth': 3, 'min_samples_leaf': 10, 'min_samples_split': 20}",0.7822712498768836,0.0335202186812956,0.7088247169067248,0.84365554711166
93,"{'class_weight': 'balanced', 'criterion': 'gini', 'max_depth': 3, 'min_samples_leaf': 1, 'min_samples_split': 20}",0.7822712498768836,0.0335202186812956,0.7088247169067248,0.8430357124009161
94,"{'class_weight': 'balanced', 'criterion': 'gini', 'max_depth': 3, 'min_samples_leaf': 5, 'min_samples_split': 2}",0.7822712498768836,0.0335202186812956,0.7077096539441178,0.8432862322282386
95,"{'class_weight': 'balanced', 'criterion': 'gini', 'max_depth': 3, 'min_samples_leaf': 5, 'min_samples_split': 10}",0.7822712498768836,0.0335202186812956,0.7077096539441178,0.8432862322282386
105,"{'class_weight': 'balanced', 'criterion': 'gini', 'max_depth': 4, 'min_samples_leaf': 5, 'min_samples_split': 20}",0.780921895006402,0.025489835500823028,0.7269939848652911,0.8494757396324795
103,"{'class_weight': 'balanced', 'criterion': 'gini', 'max_depth': 4, 'min_samples_leaf': 5, 'min_samples_split': 2}",0.780921895006402,0.025489835500823028,0.7260533143015608,0.850830984874872
104,"{'class_weight': 'balanced', 'criterion': 'gini', 'max_depth': 4, 'min_samples_leaf': 5, 'min_samples_split': 10}",0.780921895006402,0.025489835500823028,0.7260533143015608,0.850830984874872
160,"{'class_weight': 'balanced', 'criterion': 'entropy', 'max_depth': 5, 'min_samples_leaf': 10, 'min_samples_split': 2}",0.780921895006402,0.01715571494228331,0.7214279795025489,0.835295351635477
161,"{'class_weight': 'balanced', 'criterion': 'entropy', 'max_depth': 5, 'min_samples_leaf': 10, 'min_samples_split': 10}",0.780921895006402,0.01715571494228331,0.7214279795025489,0.835295351635477
162,"{'class_weight': 'balanced', 'criterion': 'entropy', 'max_depth': 5, 'min_samples_leaf': 10, 'min_samples_split': 20}",0.780921895006402,0.01715571494228331,0.7214279795025489,0.835295351635477
138,"{'class_weight': 'balanced', 'criterion': 'entropy', 'max_depth': 3, 'min_samples_leaf': 1, 'min_samples_split': 20}",0.7808726484782823,0.03301004147201192,0.7013056092843326,0.8358525168086297
141,"{'class_weight': 'balanced', 'criterion': 'entropy', 'max_depth': 3, 'min_samples_leaf': 5, 'min_samples_split': 20}",0.7808726484782823,0.03301004147201192,0.7013056092843326,0.8358525168086297
142,"{'class_weight': 'balanced', 'criterion': 'entropy', 'max_depth': 3, 'min_samples_leaf': 10, 'min_samples_split': 2}",0.7808726484782823,0.03301004147201192,0.7013056092843326,0.8358525168086297
143,"{'class_weight': 'balanced', 'criterion': 'entropy', 'max_depth': 3, 'min_samples_leaf': 10, 'min_samples_split': 10}",0.7808726484782823,0.03301004147201192,0.7013056092843326,0.8358525168086297
144,"{'class_weight': 'balanced', 'criterion': 'entropy', 'max_depth': 3, 'min_samples_leaf': 10, 'min_samples_split': 20}",0.7808726484782823,0.03301004147201192,0.7013056092843326,0.8358525168086297
139,"{'class_weight': 'balanced', 'criterion': 'entropy', 'max_depth': 3, 'min_samples_leaf': 5, 'min_samples_split': 2}",0.7808726484782823,0.03301004147201192,0.7013056092843326,0.8357517969665306
140,"{'class_weight': 'balanced', 'criterion': 'entropy', 'max_depth': 3, 'min_samples_leaf': 5, 'min_samples_split': 10}",0.7808726484782823,0.03301004147201192,0.7013056092843326,0.8357517969665306
115,"{'class_weight': 'balanced', 'criterion': 'gini', 'max_depth': 5, 'min_samples_leaf': 10, 'min_samples_split': 2}",0.7795331429134246,0.02119497339971662,0.7166142686232642,0.8331014032698987
116,"{'class_weight': 'balanced', 'criterion': 'gini', 'max_depth': 5, 'min_samples_leaf': 10, 'min_samples_split': 10}",0.7795331429134246,0.02119497339971662,0.7166142686232642,0.8331014032698987
117,"{'class_weight': 'balanced', 'criterion': 'gini', 'max_depth': 5, 'min_samples_leaf': 10, 'min_samples_split': 20}",0.7795331429134246,0.02119497339971662,0.7166142686232642,0.8331014032698987
127,"{'class_weight': 'balanced', 'criterion': 'gini', 'max_depth': None, 'min_samples_leaf': 1, 'min_samples_split': 2}",0.7781246922091992,0.013879751076889327,0.7177932749151109,0.7718766030208036
169,"{'class_weight': 'balanced', 'criterion': 'entropy', 'max_depth': 6, 'min_samples_leaf': 10, 'min_samples_split': 2}",0.7781148429035752,0.013309710386836258,0.7156973254241434,0.8348973670878059
170,"{'class_weight': 'balanced', 'criterion': 'entropy', 'max_depth': 6, 'min_samples_leaf': 10, 'min_samples_split': 10}",0.7781148429035752,0.013309710386836258,0.7156973254241434,0.8348973670878059
171,"{'class_weight': 'balanced', 'criterion': 'entropy', 'max_depth': 6, 'min_samples_leaf': 10, 'min_samples_split': 20}",0.7781148429035752,0.013309710386836258,0.7156973254241434,0.8348973670878059
106,"{'class_weight': 'balanced', 'criterion': 'gini', 'max_depth': 4, 'min_samples_leaf': 10, 'min_samples_split': 2}",0.776696542893726,0.02852789103176227,0.7244718979370561,0.8468806006776226
107,"{'class_weight': 'balanced', 'criterion': 'gini', 'max_depth': 4, 'min_samples_leaf': 10, 'min_samples_split': 10}",0.776696542893726,0.02852789103176227,0.7244718979370561,0.8468806006776226
108,"{'class_weight': 'balanced', 'criterion': 'gini', 'max_depth': 4, 'min_samples_leaf': 10, 'min_samples_split': 20}",0.776696542893726,0.02852789103176227,0.7244718979370561,0.8468806006776226
133,"{'class_weight': 'balanced', 'criterion': 'gini', 'max_depth': None, 'min_samples_leaf': 10, 'min_samples_split': 2}",0.7753077908007485,0.015619694532624719,0.7278071219086902,0.8307569292718198
134,"{'class_weight': 'balanced', 'criterion': 'gini', 'max_depth': None, 'min_samples_leaf': 10, 'min_samples_split': 10}",0.7753077908007485,0.015619694532624719,0.7278071219086902,0.8307569292718198
135,"{'class_weight': 'balanced', 'criterion': 'gini', 'max_depth': None, 'min_samples_leaf': 10, 'min_samples_split': 20}",0.7753077908007485,0.015619694532624719,0.7278071219086902,0.8307569292718198
178,"{'class_weight': 'balanced', 'criterion': 'entropy', 'max_depth': None, 'min_samples_leaf': 10, 'min_samples_split': 2}",0.7752585442726287,0.01571406014259008,0.7259666388497213,0.8407900055940807
179,"{'class_weight': 'balanced', 'criterion': 'entropy', 'max_depth': None, 'min_samples_leaf': 10, 'min_samples_split': 10}",0.7752585442726287,0.01571406014259008,0.7259666388497213,0.8407900055940807
180,"{'class_weight': 'balanced', 'criterion': 'entropy', 'max_depth': None, 'min_samples_leaf': 10, 'min_samples_split': 20}",0.7752585442726287,0.01571406014259008,0.7259666388497213,0.8407900055940807
174,"{'class_weight': 'balanced', 'criterion': 'entropy', 'max_depth': None, 'min_samples_leaf': 1, 'min_samples_split': 20}",0.7752486949670049,0.05263080762968436,0.7276130347833841,0.8467150211625134
124,"{'class_weight': 'balanced', 'criterion': 'gini', 'max_depth': 6, 'min_samples_leaf': 10, 'min_samples_split': 2}",0.7738993400965232,0.016541040104328997,0.7222487323260808,0.8299099801568455
125,"{'class_weight': 'balanced', 'criterion': 'gini', 'max_depth': 6, 'min_samples_leaf': 10, 'min_samples_split': 10}",0.7738993400965232,0.016541040104328997,0.7222487323260808,0.8299099801568455
126,"{'class_weight': 'balanced', 'criterion': 'gini', 'max_depth': 6, 'min_samples_leaf': 10, 'min_samples_split': 20}",0.7738993400965232,0.016541040104328997,0.7222487323260808,0.8299099801568455
129,"{'class_weight': 'balanced', 'criterion': 'gini', 'max_depth': None, 'min_samples_leaf': 1, 'min_samples_split': 20}",0.7738796414852753,0.02781909479119653,0.7192497998243974,0.8303563587811237
172,"{'class_weight': 'balanced', 'criterion': 'entropy', 'max_depth': None, 'min_samples_leaf': 1, 'min_samples_split': 2}",0.7738402442627794,0.021811322329406253,0.7123708384629148,0.7697065614346179
130,"{'class_weight': 'balanced', 'criterion': 'gini', 'max_depth': None, 'min_samples_leaf': 5, 'min_samples_split': 2}",0.7668866344922682,0.018594424761749943,0.717891943164289,0.8257969190335961
131,"{'class_weight': 'balanced', 'criterion': 'gini', 'max_depth': None, 'min_samples_leaf': 5, 'min_samples_split': 10}",0.7668866344922682,0.018594424761749943,0.717891943164289,0.8257969190335961
177,"{'class_weight': 'balanced', 'criterion': 'entropy', 'max_depth': None, 'min_samples_leaf': 5, 'min_samples_split': 20}",0.761213434452871,0.026885454555788408,0.7121543223258742,0.8331128025289468
132,"{'class_weight': 'balanced', 'criterion': 'gini', 'max_depth': None, 'min_samples_leaf': 5, 'min_samples_split': 20}",0.7598542302767655,0.032180148981128524,0.706133166396346,0.8338999583082656
173,"{'class_weight': 'balanced', 'criterion': 'entropy', 'max_depth': None, 'min_samples_leaf': 1, 'min_samples_split': 10}",0.7597754358317739,0.029749713100642408,0.7061116585406848,0.8108942877046325
175,"{'class_weight': 'balanced', 'criterion': 'entropy', 'max_depth': None, 'min_samples_leaf': 5, 'min_samples_split': 2}",0.7570176302570669,0.02906875345526373,0.711979939521921,0.8294606989434576
176,"{'class_weight': 'balanced', 'criterion': 'entropy', 'max_depth': None, 'min_samples_leaf': 5, 'min_samples_split': 10}",0.7570176302570669,0.02906875345526373,0.711979939521921,0.8294606989434576
