trial,n_estimators,max_depth,max_depth_order,min_samples_split,min_samples_leaf,max_features,class_weight,params,cv_accuracy_mean,cv_accuracy_std,cv_f1_mean,cv_roc_auc_mean,running_best_accuracy,running_best_f1,running_best_roc_auc,rank
149,300,8,8,10,1,sqrt,balanced,"{'class_weight': 'balanced', 'max_depth': 8, 'max_features': 'sqrt', 'min_samples_leaf': 1, 'min_samples_split': 10, 'n_estimators': 300}",0.8287107258938246,0.022883975120189623,0.7722616585982923,0.8807199212606737,0.8287107258938246,0.7722616585982923,0.8833895380133624,1
161,300,8,8,10,1,log2,balanced,"{'class_weight': 'balanced', 'max_depth': 8, 'max_features': 'log2', 'min_samples_leaf': 1, 'min_samples_split': 10, 'n_estimators': 300}",0.8287107258938246,0.022883975120189623,0.7722616585982923,0.8807199212606737,0.8287107258938246,0.7730770342535049,0.8833895380133624,2
150,500,8,8,10,1,sqrt,balanced,"{'class_weight': 'balanced', 'max_depth': 8, 'max_features': 'sqrt', 'min_samples_leaf': 1, 'min_samples_split': 10, 'n_estimators': 500}",0.8287107258938244,0.021544472973699564,0.7730770342535049,0.8792635867557499,0.8287107258938246,0.7730770342535049,0.8833895380133624,3
162,500,8,8,10,1,log2,balanced,"{'class_weight': 'balanced', 'max_depth': 8, 'max_features': 'log2', 'min_samples_leaf': 1, 'min_samples_split': 10, 'n_estimators': 500}",0.8287107258938244,0.021544472973699564,0.7730770342535049,0.8792635867557499,0.8287107258938246,0.7730770342535049,0.8833895380133624,4
174,500,None,999,10,1,sqrt,balanced,"{'class_weight': 'balanced', 'max_depth': None, 'max_features': 'sqrt', 'min_samples_leaf': 1, 'min_samples_split': 10, 'n_estimators': 500}",0.8244755244755245,0.023203433929188565,0.769553247494424,0.8804652586470768,0.8287107258938246,0.7730770342535049,0.8833895380133624,5
186,500,None,999,10,1,log2,balanced,"{'class_weight': 'balanced', 'max_depth': None, 'max_features': 'log2', 'min_samples_leaf': 1, 'min_samples_split': 10, 'n_estimators': 500}",0.8244755244755245,0.023203433929188565,0.769553247494424,0.8804652586470768,0.8287107258938246,0.7730770342535049,0.8833922295050822,6
148,100,8,8,10,1,sqrt,balanced,"{'class_weight': 'balanced', 'max_depth': 8, 'max_features': 'sqrt', 'min_samples_leaf': 1, 'min_samples_split': 10, 'n_estimators': 100}",0.823096621688171,0.024403757136267076,0.765047685047685,0.8773629582132717,0.823096621688171,0.7690274458407216,0.8833895380133624,7
160,100,8,8,10,1,log2,balanced,"{'class_weight': 'balanced', 'max_depth': 8, 'max_features': 'log2', 'min_samples_leaf': 1, 'min_samples_split': 10, 'n_estimators': 100}",0.823096621688171,0.024403757136267076,0.765047685047685,0.8773629582132717,0.8287107258938246,0.7730770342535049,0.8833895380133624,8
147,500,8,8,2,1,sqrt,balanced,"{'class_weight': 'balanced', 'max_depth': 8, 'max_features': 'sqrt', 'min_samples_leaf': 1, 'min_samples_split': 2, 'n_estimators': 500}",0.823086772382547,0.02752830001042565,0.7651497774935729,0.8760234529200048,0.823086772382547,0.7690274458407216,0.8833895380133624,9
159,500,8,8,2,1,log2,balanced,"{'class_weight': 'balanced', 'max_depth': 8, 'max_features': 'log2', 'min_samples_leaf': 1, 'min_samples_split': 2, 'n_estimators': 500}",0.823086772382547,0.02752830001042565,0.7651497774935729,0.8760234529200048,0.8287107258938246,0.7730770342535049,0.8833895380133624,10
173,300,None,999,10,1,sqrt,balanced,"{'class_weight': 'balanced', 'max_depth': None, 'max_features': 'sqrt', 'min_samples_leaf': 1, 'min_samples_split': 10, 'n_estimators': 300}",0.8216586230670739,0.020839245469094027,0.7656023915732655,0.8811742556178294,0.8287107258938246,0.7730770342535049,0.8833895380133624,11
185,300,None,999,10,1,log2,balanced,"{'class_weight': 'balanced', 'max_depth': None, 'max_features': 'log2', 'min_samples_leaf': 1, 'min_samples_split': 10, 'n_estimators': 300}",0.8216586230670739,0.020839245469094027,0.7656023915732655,0.8811742556178294,0.8287107258938246,0.7730770342535049,0.8833922295050822,12
77,300,None,999,10,1,sqrt,None,"{'class_weight': None, 'max_depth': None, 'max_features': 'sqrt', 'min_samples_leaf': 1, 'min_samples_split': 10, 'n_estimators': 300}",0.8216487737614498,0.01943569246197724,0.7516953448045884,0.8810888667236629,0.8216487737614498,0.7531526405271215,0.8819285989466241,13
89,300,None,999,10,1,log2,None,"{'class_weight': None, 'max_depth': None, 'max_features': 'log2', 'min_samples_leaf': 1, 'min_samples_split': 10, 'n_estimators': 300}",0.8216487737614498,0.01943569246197724,0.7516953448045884,0.8810888667236629,0.8216487737614498,0.7531526405271215,0.8833895380133624,14
151,100,8,8,2,5,sqrt,balanced,"{'class_weight': 'balanced', 'max_depth': 8, 'max_features': 'sqrt', 'min_samples_leaf': 5, 'min_samples_split': 2, 'n_estimators': 100}",0.8216389244558258,0.02414485306216275,0.7694251955628064,0.8818763787298269,0.8287107258938246,0.7730770342535049,0.8833895380133624,15
154,100,8,8,10,5,sqrt,balanced,"{'class_weight': 'balanced', 'max_depth': 8, 'max_features': 'sqrt', 'min_samples_leaf': 5, 'min_samples_split': 10, 'n_estimators': 100}",0.8216389244558258,0.02414485306216275,0.7694251955628064,0.8818763787298269,0.8287107258938246,0.7730770342535049,0.8833895380133624,16
163,100,8,8,2,5,log2,balanced,"{'class_weight': 'balanced', 'max_depth': 8, 'max_features': 'log2', 'min_samples_leaf': 5, 'min_samples_split': 2, 'n_estimators': 100}",0.8216389244558258,0.02414485306216275,0.7694251955628064,0.8818763787298269,0.8287107258938246,0.7730770342535049,0.8833895380133624,17
166,100,8,8,10,5,log2,balanced,"{'class_weight': 'balanced', 'max_depth': 8, 'max_features': 'log2', 'min_samples_leaf': 5, 'min_samples_split': 10, 'n_estimators': 100}",0.8216389244558258,0.02414485306216275,0.7694251955628064,0.8818763787298269,0.8287107258938246,0.7730770342535049,0.8833895380133624,18
9,500,4,4,2,5,sqrt,None,"{'class_weight': None, 'max_depth': 4, 'max_features': 'sqrt', 'min_samples_leaf': 5, 'min_samples_split': 2, 'n_estimators': 500}",0.8216389244558258,0.018007197554346436,0.7450375774419548,0.8770433435715568,0.8216389244558258,0.7450375774419548,0.8787972858153109,19
12,500,4,4,10,5,sqrt,None,"{'class_weight': None, 'max_depth': 4, 'max_features': 'sqrt', 'min_samples_leaf': 5, 'min_samples_split': 10, 'n_estimators': 500}",0.8216389244558258,0.018007197554346436,0.7450375774419548,0.8770433435715568,0.8216389244558258,0.7450375774419548,0.8787972858153109,20
21,500,4,4,2,5,log2,None,"{'class_weight': None, 'max_depth': 4, 'max_features': 'log2', 'min_samples_leaf': 5, 'min_samples_split': 2, 'n_estimators': 500}",0.8216389244558258,0.018007197554346436,0.7450375774419548,0.8770433435715568,0.8216389244558258,0.7450375774419548,0.8787972858153109,21
24,500,4,4,10,5,log2,None,"{'class_weight': None, 'max_depth': 4, 'max_features': 'log2', 'min_samples_leaf': 5, 'min_samples_split': 10, 'n_estimators': 500}",0.8216389244558258,0.018007197554346436,0.7450375774419548,0.8770433435715568,0.8216389244558258,0.7450375774419548,0.8787972858153109,22
145,100,8,8,2,1,sqrt,balanced,"{'class_weight': 'balanced', 'max_depth': 8, 'max_features': 'sqrt', 'min_samples_leaf': 1, 'min_samples_split': 2, 'n_estimators': 100}",0.8202698709740964,0.0276565029387216,0.7613731554377746,0.8745012956102298,0.8216487737614498,0.7690274458407216,0.8833895380133624,23
157,100,8,8,2,1,log2,balanced,"{'class_weight': 'balanced', 'max_depth': 8, 'max_features': 'log2', 'min_samples_leaf': 1, 'min_samples_split': 2, 'n_estimators': 100}",0.8202698709740964,0.0276565029387216,0.7613731554377746,0.8745012956102298,0.8287107258938246,0.7730770342535049,0.8833895380133624,24
97,100,4,4,2,1,sqrt,balanced,"{'class_weight': 'balanced', 'max_depth': 4, 'max_features': 'sqrt', 'min_samples_leaf': 1, 'min_samples_split': 2, 'n_estimators': 100}",0.8202600216684723,0.03268700084339618,0.7690274458407216,0.8778668740698521,0.8216487737614498,0.7690274458407216,0.8833895380133624,25
109,100,4,4,2,1,log2,balanced,"{'class_weight': 'balanced', 'max_depth': 4, 'max_features': 'log2', 'min_samples_leaf': 1, 'min_samples_split': 2, 'n_estimators': 100}",0.8202600216684723,0.03268700084339618,0.7690274458407216,0.8778668740698521,0.8216487737614498,0.7690274458407216,0.8833895380133624,26
78,500,None,999,10,1,sqrt,None,"{'class_weight': None, 'max_depth': None, 'max_features': 'sqrt', 'min_samples_leaf': 1, 'min_samples_split': 10, 'n_estimators': 500}",0.8202600216684723,0.017706367126126138,0.7512125994879699,0.8798517304708527,0.8216487737614498,0.7531526405271215,0.8819285989466241,27
90,500,None,999,10,1,log2,None,"{'class_weight': None, 'max_depth': None, 'max_features': 'log2', 'min_samples_leaf': 1, 'min_samples_split': 10, 'n_estimators': 500}",0.8202600216684723,0.017706367126126138,0.7512125994879699,0.8798517304708527,0.8216487737614498,0.7531526405271215,0.8833895380133624,28
76,100,None,999,10,1,sqrt,None,"{'class_weight': None, 'max_depth': None, 'max_features': 'sqrt', 'min_samples_leaf': 1, 'min_samples_split': 10, 'n_estimators': 100}",0.8202501723628485,0.02183642368577613,0.7531526405271215,0.8819285989466241,0.8216389244558258,0.7531526405271215,0.8819285989466241,29
88,100,None,999,10,1,log2,None,"{'class_weight': None, 'max_depth': None, 'max_features': 'log2', 'min_samples_leaf': 1, 'min_samples_split': 10, 'n_estimators': 100}",0.8202501723628485,0.02183642368577613,0.7531526405271215,0.8819285989466241,0.8216487737614498,0.7531526405271215,0.8833895380133624,30
104,300,4,4,2,5,sqrt,balanced,"{'class_weight': 'balanced', 'max_depth': 4, 'max_features': 'sqrt', 'min_samples_leaf': 5, 'min_samples_split': 2, 'n_estimators': 300}",0.8188417216586231,0.03301737288159227,0.7675493486906211,0.8765605374539543,0.8216487737614498,0.7690274458407216,0.8833895380133624,31
107,300,4,4,10,5,sqrt,balanced,"{'class_weight': 'balanced', 'max_depth': 4, 'max_features': 'sqrt', 'min_samples_leaf': 5, 'min_samples_split': 10, 'n_estimators': 300}",0.8188417216586231,0.03301737288159227,0.7675493486906211,0.8765605374539543,0.8216487737614498,0.7690274458407216,0.8833895380133624,32
116,300,4,4,2,5,log2,balanced,"{'class_weight': 'balanced', 'max_depth': 4, 'max_features': 'log2', 'min_samples_leaf': 5, 'min_samples_split': 2, 'n_estimators': 300}",0.8188417216586231,0.03301737288159227,0.7675493486906211,0.8765605374539543,0.8216487737614498,0.7690274458407216,0.8833895380133624,33
119,300,4,4,10,5,log2,balanced,"{'class_weight': 'balanced', 'max_depth': 4, 'max_features': 'log2', 'min_samples_leaf': 5, 'min_samples_split': 10, 'n_estimators': 300}",0.8188417216586231,0.03301737288159227,0.7675493486906211,0.8765605374539543,0.8216487737614498,0.7690274458407216,0.8833895380133624,34
172,100,None,999,10,1,sqrt,balanced,"{'class_weight': 'balanced', 'max_depth': None, 'max_features': 'sqrt', 'min_samples_leaf': 1, 'min_samples_split': 10, 'n_estimators': 100}",0.8188417216586231,0.021287095322813105,0.7617188964276344,0.8800983713836379,0.8287107258938246,0.7730770342535049,0.8833895380133624,35
184,100,None,999,10,1,log2,balanced,"{'class_weight': 'balanced', 'max_depth': None, 'max_features': 'log2', 'min_samples_leaf': 1, 'min_samples_split': 10, 'n_estimators': 100}",0.8188417216586231,0.021287095322813105,0.7617188964276344,0.8800983713836379,0.8287107258938246,0.7730770342535049,0.8833922295050822,36
27,500,6,6,2,1,sqrt,None,"{'class_weight': None, 'max_depth': 6, 'max_features': 'sqrt', 'min_samples_leaf': 1, 'min_samples_split': 2, 'n_estimators': 500}",0.818831872352999,0.024345810019188233,0.7403456506655226,0.8790777946655689,0.8216389244558258,0.7450375774419548,0.8790777946655689,37
39,500,6,6,2,1,log2,None,"{'class_weight': None, 'max_depth': 6, 'max_features': 'log2', 'min_samples_leaf': 1, 'min_samples_split': 2, 'n_estimators': 500}",0.818831872352999,0.024345810019188233,0.7403456506655226,0.8790777946655689,0.8216389244558258,0.7450375774419548,0.8790777946655689,38
6,500,4,4,10,1,sqrt,None,"{'class_weight': None, 'max_depth': 4, 'max_features': 'sqrt', 'min_samples_leaf': 1, 'min_samples_split': 10, 'n_estimators': 500}",0.8188220230473752,0.020551491349301485,0.743290283580644,0.8775994664513472,0.8188220230473752,0.743290283580644,0.8778702252409151,39
18,500,4,4,10,1,log2,None,"{'class_weight': None, 'max_depth': 4, 'max_features': 'log2', 'min_samples_leaf': 1, 'min_samples_split': 10, 'n_estimators': 500}",0.8188220230473752,0.020551491349301485,0.743290283580644,0.8775994664513472,0.8216389244558258,0.7450375774419548,0.8787972858153109,40
51,500,8,8,2,1,sqrt,None,"{'class_weight': None, 'max_depth': 8, 'max_features': 'sqrt', 'min_samples_leaf': 1, 'min_samples_split': 2, 'n_estimators': 500}",0.8174431202600217,0.01908342043743812,0.7443561883256219,0.8754788612351309,0.8216389244558258,0.7450375774419548,0.8790777946655689,41
63,500,8,8,2,1,log2,None,"{'class_weight': None, 'max_depth': 8, 'max_features': 'log2', 'min_samples_leaf': 1, 'min_samples_split': 2, 'n_estimators': 500}",0.8174431202600217,0.01908342043743812,0.7443561883256219,0.8754788612351309,0.8216389244558258,0.7450375774419548,0.8808777693338822,42
98,300,4,4,2,1,sqrt,balanced,"{'class_weight': 'balanced', 'max_depth': 4, 'max_features': 'sqrt', 'min_samples_leaf': 1, 'min_samples_split': 2, 'n_estimators': 300}",0.8174332709543979,0.03199013528705451,0.7643871888270011,0.8783759618124822,0.8216487737614498,0.7690274458407216,0.8833895380133624,43
110,300,4,4,2,1,log2,balanced,"{'class_weight': 'balanced', 'max_depth': 4, 'max_features': 'log2', 'min_samples_leaf': 1, 'min_samples_split': 2, 'n_estimators': 300}",0.8174332709543979,0.03199013528705451,0.7643871888270011,0.8783759618124822,0.8216487737614498,0.7690274458407216,0.8833895380133624,44
26,300,6,6,2,1,sqrt,None,"{'class_weight': None, 'max_depth': 6, 'max_features': 'sqrt', 'min_samples_leaf': 1, 'min_samples_split': 2, 'n_estimators': 300}",0.8174332709543977,0.022893617176808358,0.738843819163691,0.8782220058473978,0.8216389244558258,0.7450375774419548,0.8787972858153109,45
38,300,6,6,2,1,log2,None,"{'class_weight': None, 'max_depth': 6, 'max_features': 'log2', 'min_samples_leaf': 1, 'min_samples_split': 2, 'n_estimators': 300}",0.8174332709543977,0.022893617176808358,0.738843819163691,0.8782220058473978,0.8216389244558258,0.7450375774419548,0.8790777946655689,46
8,300,4,4,2,5,sqrt,None,"{'class_weight': None, 'max_depth': 4, 'max_features': 'sqrt', 'min_samples_leaf': 5, 'min_samples_split': 2, 'n_estimators': 300}",0.8174234216487738,0.021242958988589106,0.7406839925478617,0.8773851102456117,0.8188220230473752,0.743290283580644,0.8787972858153109,47
11,300,4,4,10,5,sqrt,None,"{'class_weight': None, 'max_depth': 4, 'max_features': 'sqrt', 'min_samples_leaf': 5, 'min_samples_split': 10, 'n_estimators': 300}",0.8174234216487738,0.021242958988589106,0.7406839925478617,0.8773851102456117,0.8216389244558258,0.7450375774419548,0.8787972858153109,48
20,300,4,4,2,5,log2,None,"{'class_weight': None, 'max_depth': 4, 'max_features': 'log2', 'min_samples_leaf': 5, 'min_samples_split': 2, 'n_estimators': 300}",0.8174234216487738,0.021242958988589106,0.7406839925478617,0.8773851102456117,0.8216389244558258,0.7450375774419548,0.8787972858153109,49
23,300,4,4,10,5,log2,None,"{'class_weight': None, 'max_depth': 4, 'max_features': 'log2', 'min_samples_leaf': 5, 'min_samples_split': 10, 'n_estimators': 300}",0.8174234216487738,0.021242958988589106,0.7406839925478617,0.8773851102456117,0.8216389244558258,0.7450375774419548,0.8787972858153109,50
32,300,6,6,2,5,sqrt,None,"{'class_weight': None, 'max_depth': 6, 'max_features': 'sqrt', 'min_samples_leaf': 5, 'min_samples_split': 2, 'n_estimators': 300}",0.8174234216487738,0.026927965550606465,0.735619517384482,0.8781570406256926,0.8216389244558258,0.7450375774419548,0.8790777946655689,51
35,300,6,6,10,5,sqrt,None,"{'class_weight': None, 'max_depth': 6, 'max_features': 'sqrt', 'min_samples_leaf': 5, 'min_samples_split': 10, 'n_estimators': 300}",0.8174234216487738,0.026927965550606465,0.735619517384482,0.8781570406256926,0.8216389244558258,0.7450375774419548,0.8790777946655689,52
44,300,6,6,2,5,log2,None,"{'class_weight': None, 'max_depth': 6, 'max_features': 'log2', 'min_samples_leaf': 5, 'min_samples_split': 2, 'n_estimators': 300}",0.8174234216487738,0.026927965550606465,0.735619517384482,0.8781570406256926,0.8216389244558258,0.7450375774419548,0.8790777946655689,53
47,300,6,6,10,5,log2,None,"{'class_weight': None, 'max_depth': 6, 'max_features': 'log2', 'min_samples_leaf': 5, 'min_samples_split': 10, 'n_estimators': 300}",0.8174234216487738,0.026927965550606465,0.735619517384482,0.8781570406256926,0.8216389244558258,0.7450375774419548,0.8790777946655689,54
3,500,4,4,2,1,sqrt,None,"{'class_weight': None, 'max_depth': 4, 'max_features': 'sqrt', 'min_samples_leaf': 1, 'min_samples_split': 2, 'n_estimators': 500}",0.8174135723431497,0.019900609148042234,0.7419861097739695,0.8770523284042092,0.8174135723431497,0.7419861097739695,0.8778702252409151,55
15,500,4,4,2,1,log2,None,"{'class_weight': None, 'max_depth': 4, 'max_features': 'log2', 'min_samples_leaf': 1, 'min_samples_split': 2, 'n_estimators': 500}",0.8174135723431497,0.019900609148042234,0.7419861097739695,0.8770523284042092,0.8216389244558258,0.7450375774419548,0.8787972858153109,56
121,100,6,6,2,1,sqrt,balanced,"{'class_weight': 'balanced', 'max_depth': 6, 'max_features': 'sqrt', 'min_samples_leaf': 1, 'min_samples_split': 2, 'n_estimators': 100}",0.8160642174726682,0.025676046000730424,0.7568755089359712,0.8779761169690637,0.8216487737614498,0.7690274458407216,0.8833895380133624,57
133,100,6,6,2,1,log2,balanced,"{'class_weight': 'balanced', 'max_depth': 6, 'max_features': 'log2', 'min_samples_leaf': 1, 'min_samples_split': 2, 'n_estimators': 100}",0.8160642174726682,0.025676046000730424,0.7568755089359712,0.8779761169690637,0.8216487737614498,0.7690274458407216,0.8833895380133624,58
122,300,6,6,2,1,sqrt,balanced,"{'class_weight': 'balanced', 'max_depth': 6, 'max_features': 'sqrt', 'min_samples_leaf': 1, 'min_samples_split': 2, 'n_estimators': 300}",0.8160642174726682,0.026809911223624205,0.7558089436960138,0.8780548035211044,0.8216487737614498,0.7690274458407216,0.8833895380133624,59
134,300,6,6,2,1,log2,balanced,"{'class_weight': 'balanced', 'max_depth': 6, 'max_features': 'log2', 'min_samples_leaf': 1, 'min_samples_split': 2, 'n_estimators': 300}",0.8160642174726682,0.026809911223624205,0.7558089436960138,0.8780548035211044,0.8216487737614498,0.7690274458407216,0.8833895380133624,60
146,300,8,8,2,1,sqrt,balanced,"{'class_weight': 'balanced', 'max_depth': 8, 'max_features': 'sqrt', 'min_samples_leaf': 1, 'min_samples_split': 2, 'n_estimators': 300}",0.8160642174726682,0.02894469455690603,0.7555066343284595,0.8757274679923583,0.8216487737614498,0.7690274458407216,0.8833895380133624,61
158,300,8,8,2,1,log2,balanced,"{'class_weight': 'balanced', 'max_depth': 8, 'max_features': 'log2', 'min_samples_leaf': 1, 'min_samples_split': 2, 'n_estimators': 300}",0.8160642174726682,0.02894469455690603,0.7555066343284595,0.8757274679923583,0.8287107258938246,0.7730770342535049,0.8833895380133624,62
53,300,8,8,10,1,sqrt,None,"{'class_weight': None, 'max_depth': 8, 'max_features': 'sqrt', 'min_samples_leaf': 1, 'min_samples_split': 10, 'n_estimators': 300}",0.8160543681670444,0.024565230538058324,0.7418682764083888,0.877556019969813,0.8216389244558258,0.7450375774419548,0.8790777946655689,63
65,300,8,8,10,1,log2,None,"{'class_weight': None, 'max_depth': 8, 'max_features': 'log2', 'min_samples_leaf': 1, 'min_samples_split': 10, 'n_estimators': 300}",0.8160543681670444,0.024565230538058324,0.7418682764083888,0.877556019969813,0.8216389244558258,0.7450375774419548,0.8808777693338822,64
54,500,8,8,10,1,sqrt,None,"{'class_weight': None, 'max_depth': 8, 'max_features': 'sqrt', 'min_samples_leaf': 1, 'min_samples_split': 10, 'n_estimators': 500}",0.8160543681670444,0.024565230538058324,0.7408301143397547,0.8772257053291534,0.8216389244558258,0.7450375774419548,0.8790777946655689,65
66,500,8,8,10,1,log2,None,"{'class_weight': None, 'max_depth': 8, 'max_features': 'log2', 'min_samples_leaf': 1, 'min_samples_split': 10, 'n_estimators': 500}",0.8160543681670444,0.024565230538058324,0.7408301143397547,0.8772257053291534,0.8216389244558258,0.7450375774419548,0.8808777693338822,66
123,500,6,6,2,1,sqrt,balanced,"{'class_weight': 'balanced', 'max_depth': 6, 'max_features': 'sqrt', 'min_samples_leaf': 1, 'min_samples_split': 2, 'n_estimators': 500}",0.8160543681670441,0.02652815714033153,0.7560557640509733,0.8791343291852696,0.8216487737614498,0.7690274458407216,0.8833895380133624,67
135,500,6,6,2,1,log2,balanced,"{'class_weight': 'balanced', 'max_depth': 6, 'max_features': 'log2', 'min_samples_leaf': 1, 'min_samples_split': 2, 'n_estimators': 500}",0.8160543681670441,0.02652815714033153,0.7560557640509733,0.8791343291852696,0.8216487737614498,0.7690274458407216,0.8833895380133624,68
50,300,8,8,2,1,sqrt,None,"{'class_weight': None, 'max_depth': 8, 'max_features': 'sqrt', 'min_samples_leaf': 1, 'min_samples_split': 2, 'n_estimators': 300}",0.8160445188614203,0.022118667896195217,0.7440794350093176,0.8761015457606367,0.8216389244558258,0.7450375774419548,0.8790777946655689,69
62,300,8,8,2,1,log2,None,"{'class_weight': None, 'max_depth': 8, 'max_features': 'log2', 'min_samples_leaf': 1, 'min_samples_split': 2, 'n_estimators': 300}",0.8160445188614203,0.022118667896195217,0.7440794350093176,0.8761015457606367,0.8216389244558258,0.7450375774419548,0.8808777693338822,70
99,500,4,4,2,1,sqrt,balanced,"{'class_weight': 'balanced', 'max_depth': 4, 'max_features': 'sqrt', 'min_samples_leaf': 1, 'min_samples_split': 2, 'n_estimators': 500}",0.8160346695557962,0.03177323405089026,0.7622064050090491,0.8779972530952156,0.8216487737614498,0.7690274458407216,0.8833895380133624,71
111,500,4,4,2,1,log2,balanced,"{'class_weight': 'balanced', 'max_depth': 4, 'max_features': 'log2', 'min_samples_leaf': 1, 'min_samples_split': 2, 'n_estimators': 500}",0.8160346695557962,0.03177323405089026,0.7622064050090491,0.8779972530952156,0.8216487737614498,0.7690274458407216,0.8833895380133624,72
1,100,4,4,2,1,sqrt,None,"{'class_weight': None, 'max_depth': 4, 'max_features': 'sqrt', 'min_samples_leaf': 1, 'min_samples_split': 2, 'n_estimators': 100}",0.8160248202501725,0.028482863607642166,0.7416949676159368,0.8778702252409151,0.8160248202501725,0.7416949676159368,0.8778702252409151,73
13,100,4,4,2,1,log2,None,"{'class_weight': None, 'max_depth': 4, 'max_features': 'log2', 'min_samples_leaf': 1, 'min_samples_split': 2, 'n_estimators': 100}",0.8160248202501725,0.028482863607642166,0.7416949676159368,0.8778702252409151,0.8216389244558258,0.7450375774419548,0.8787972858153109,74
80,300,None,999,2,5,sqrt,None,"{'class_weight': None, 'max_depth': None, 'max_features': 'sqrt', 'min_samples_leaf': 5, 'min_samples_split': 2, 'n_estimators': 300}",0.8160248202501725,0.028482863607642166,0.7363904783648855,0.8833895380133624,0.8216487737614498,0.7531526405271215,0.8833895380133624,75
83,300,None,999,10,5,sqrt,None,"{'class_weight': None, 'max_depth': None, 'max_features': 'sqrt', 'min_samples_leaf': 5, 'min_samples_split': 10, 'n_estimators': 300}",0.8160248202501725,0.028482863607642166,0.7363904783648855,0.8833895380133624,0.8216487737614498,0.7531526405271215,0.8833895380133624,76
92,300,None,999,2,5,log2,None,"{'class_weight': None, 'max_depth': None, 'max_features': 'log2', 'min_samples_leaf': 5, 'min_samples_split': 2, 'n_estimators': 300}",0.8160248202501725,0.028482863607642166,0.7363904783648855,0.8833895380133624,0.8216487737614498,0.7531526405271215,0.8833895380133624,77
95,300,None,999,10,5,log2,None,"{'class_weight': None, 'max_depth': None, 'max_features': 'log2', 'min_samples_leaf': 5, 'min_samples_split': 10, 'n_estimators': 300}",0.8160248202501725,0.028482863607642166,0.7363904783648855,0.8833895380133624,0.8216487737614498,0.7531526405271215,0.8833895380133624,78
81,500,None,999,2,5,sqrt,None,"{'class_weight': None, 'max_depth': None, 'max_features': 'sqrt', 'min_samples_leaf': 5, 'min_samples_split': 2, 'n_estimators': 500}",0.8160248202501725,0.028482863607642166,0.7363904783648855,0.8828878386793747,0.8216487737614498,0.7531526405271215,0.8833895380133624,79
84,500,None,999,10,5,sqrt,None,"{'class_weight': None, 'max_depth': None, 'max_features': 'sqrt', 'min_samples_leaf': 5, 'min_samples_split': 10, 'n_estimators': 500}",0.8160248202501725,0.028482863607642166,0.7363904783648855,0.8828878386793747,0.8216487737614498,0.7531526405271215,0.8833895380133624,80
93,500,None,999,2,5,log2,None,"{'class_weight': None, 'max_depth': None, 'max_features': 'log2', 'min_samples_leaf': 5, 'min_samples_split': 2, 'n_estimators': 500}",0.8160248202501725,0.028482863607642166,0.7363904783648855,0.8828878386793747,0.8216487737614498,0.7531526405271215,0.8833895380133624,81
96,500,None,999,10,5,log2,None,"{'class_weight': None, 'max_depth': None, 'max_features': 'log2', 'min_samples_leaf': 5, 'min_samples_split': 10, 'n_estimators': 500}",0.8160248202501725,0.028482863607642166,0.7363904783648855,0.8828878386793747,0.8216487737614498,0.7531526405271215,0.8833895380133624,82
105,500,4,4,2,5,sqrt,balanced,"{'class_weight': 'balanced', 'max_depth': 4, 'max_features': 'sqrt', 'min_samples_leaf': 5, 'min_samples_split': 2, 'n_estimators': 500}",0.8160248202501723,0.03336136469534702,0.7641702151819679,0.8768246994500913,0.8216487737614498,0.7690274458407216,0.8833895380133624,83
108,500,4,4,10,5,sqrt,balanced,"{'class_weight': 'balanced', 'max_depth': 4, 'max_features': 'sqrt', 'min_samples_leaf': 5, 'min_samples_split': 10, 'n_estimators': 500}",0.8160248202501723,0.03336136469534702,0.7641702151819679,0.8768246994500913,0.8216487737614498,0.7690274458407216,0.8833895380133624,84
117,500,4,4,2,5,log2,balanced,"{'class_weight': 'balanced', 'max_depth': 4, 'max_features': 'log2', 'min_samples_leaf': 5, 'min_samples_split': 2, 'n_estimators': 500}",0.8160248202501723,0.03336136469534702,0.7641702151819679,0.8768246994500913,0.8216487737614498,0.7690274458407216,0.8833895380133624,85
120,500,4,4,10,5,log2,balanced,"{'class_weight': 'balanced', 'max_depth': 4, 'max_features': 'log2', 'min_samples_leaf': 5, 'min_samples_split': 10, 'n_estimators': 500}",0.8160248202501723,0.03336136469534702,0.7641702151819679,0.8768246994500913,0.8216487737614498,0.7690274458407216,0.8833895380133624,86
102,500,4,4,10,1,sqrt,balanced,"{'class_weight': 'balanced', 'max_depth': 4, 'max_features': 'sqrt', 'min_samples_leaf': 1, 'min_samples_split': 10, 'n_estimators': 500}",0.8160248202501723,0.034229566612813546,0.763182707034284,0.8779781619750271,0.8216487737614498,0.7690274458407216,0.8833895380133624,87
114,500,4,4,10,1,log2,balanced,"{'class_weight': 'balanced', 'max_depth': 4, 'max_features': 'log2', 'min_samples_leaf': 1, 'min_samples_split': 10, 'n_estimators': 500}",0.8160248202501723,0.034229566612813546,0.763182707034284,0.8779781619750271,0.8216487737614498,0.7690274458407216,0.8833895380133624,88
101,300,4,4,10,1,sqrt,balanced,"{'class_weight': 'balanced', 'max_depth': 4, 'max_features': 'sqrt', 'min_samples_leaf': 1, 'min_samples_split': 10, 'n_estimators': 300}",0.8160248202501723,0.034229566612813546,0.763182707034284,0.8779406658011675,0.8216487737614498,0.7690274458407216,0.8833895380133624,89
113,300,4,4,10,1,log2,balanced,"{'class_weight': 'balanced', 'max_depth': 4, 'max_features': 'log2', 'min_samples_leaf': 1, 'min_samples_split': 10, 'n_estimators': 300}",0.8160248202501723,0.034229566612813546,0.763182707034284,0.8779406658011675,0.8216487737614498,0.7690274458407216,0.8833895380133624,90
7,100,4,4,2,5,sqrt,None,"{'class_weight': None, 'max_depth': 4, 'max_features': 'sqrt', 'min_samples_leaf': 5, 'min_samples_split': 2, 'n_estimators': 100}",0.8160248202501723,0.02084140532467276,0.7400231110884476,0.8787972858153109,0.8188220230473752,0.743290283580644,0.8787972858153109,91
10,100,4,4,10,5,sqrt,None,"{'class_weight': None, 'max_depth': 4, 'max_features': 'sqrt', 'min_samples_leaf': 5, 'min_samples_split': 10, 'n_estimators': 100}",0.8160248202501723,0.02084140532467276,0.7400231110884476,0.8787972858153109,0.8216389244558258,0.7450375774419548,0.8787972858153109,92
19,100,4,4,2,5,log2,None,"{'class_weight': None, 'max_depth': 4, 'max_features': 'log2', 'min_samples_leaf': 5, 'min_samples_split': 2, 'n_estimators': 100}",0.8160248202501723,0.02084140532467276,0.7400231110884476,0.8787972858153109,0.8216389244558258,0.7450375774419548,0.8787972858153109,93
22,100,4,4,10,5,log2,None,"{'class_weight': None, 'max_depth': 4, 'max_features': 'log2', 'min_samples_leaf': 5, 'min_samples_split': 10, 'n_estimators': 100}",0.8160248202501723,0.02084140532467276,0.7400231110884476,0.8787972858153109,0.8216389244558258,0.7450375774419548,0.8787972858153109,94
5,300,4,4,10,1,sqrt,None,"{'class_weight': None, 'max_depth': 4, 'max_features': 'sqrt', 'min_samples_leaf': 1, 'min_samples_split': 10, 'n_estimators': 300}",0.8160149709445484,0.022368356389626393,0.7414629210566871,0.877622621196289,0.8174135723431497,0.7419861097739695,0.8778702252409151,95
17,300,4,4,10,1,log2,None,"{'class_weight': None, 'max_depth': 4, 'max_features': 'log2', 'min_samples_leaf': 1, 'min_samples_split': 10, 'n_estimators': 300}",0.8160149709445484,0.022368356389626393,0.7414629210566871,0.877622621196289,0.8216389244558258,0.7450375774419548,0.8787972858153109,96
33,500,6,6,2,5,sqrt,None,"{'class_weight': None, 'max_depth': 6, 'max_features': 'sqrt', 'min_samples_leaf': 5, 'min_samples_split': 2, 'n_estimators': 500}",0.8160149709445484,0.027824366833355072,0.7352842110334981,0.8779846004454154,0.8216389244558258,0.7450375774419548,0.8790777946655689,97
36,500,6,6,10,5,sqrt,None,"{'class_weight': None, 'max_depth': 6, 'max_features': 'sqrt', 'min_samples_leaf': 5, 'min_samples_split': 10, 'n_estimators': 500}",0.8160149709445484,0.027824366833355072,0.7352842110334981,0.8779846004454154,0.8216389244558258,0.7450375774419548,0.8790777946655689,98
45,500,6,6,2,5,log2,None,"{'class_weight': None, 'max_depth': 6, 'max_features': 'log2', 'min_samples_leaf': 5, 'min_samples_split': 2, 'n_estimators': 500}",0.8160149709445484,0.027824366833355072,0.7352842110334981,0.8779846004454154,0.8216389244558258,0.7450375774419548,0.8790777946655689,99
48,500,6,6,10,5,log2,None,"{'class_weight': None, 'max_depth': 6, 'max_features': 'log2', 'min_samples_leaf': 5, 'min_samples_split': 10, 'n_estimators': 500}",0.8160149709445484,0.027824366833355072,0.7352842110334981,0.8779846004454154,0.8216389244558258,0.7450375774419548,0.8790777946655689,100
29,300,6,6,10,1,sqrt,None,"{'class_weight': None, 'max_depth': 6, 'max_features': 'sqrt', 'min_samples_leaf': 1, 'min_samples_split': 10, 'n_estimators': 300}",0.8160149709445484,0.02559631587754645,0.7352616584477119,0.8764846743295018,0.8216389244558258,0.7450375774419548,0.8790777946655689,101
41,300,6,6,10,1,log2,None,"{'class_weight': None, 'max_depth': 6, 'max_features': 'log2', 'min_samples_leaf': 1, 'min_samples_split': 10, 'n_estimators': 300}",0.8160149709445484,0.02559631587754645,0.7352616584477119,0.8764846743295018,0.8216389244558258,0.7450375774419548,0.8790777946655689,102
30,500,6,6,10,1,sqrt,None,"{'class_weight': None, 'max_depth': 6, 'max_features': 'sqrt', 'min_samples_leaf': 1, 'min_samples_split': 10, 'n_estimators': 500}",0.8160149709445484,0.025205833702554012,0.7351151542116219,0.8777821580486158,0.8216389244558258,0.7450375774419548,0.8790777946655689,103
42,500,6,6,10,1,log2,None,"{'class_weight': None, 'max_depth': 6, 'max_features': 'log2', 'min_samples_leaf': 1, 'min_samples_split': 10, 'n_estimators': 500}",0.8160149709445484,0.025205833702554012,0.7351151542116219,0.8777821580486158,0.8216389244558258,0.7450375774419548,0.8790777946655689,104
124,100,6,6,10,1,sqrt,balanced,"{'class_weight': 'balanced', 'max_depth': 6, 'max_features': 'sqrt', 'min_samples_leaf': 1, 'min_samples_split': 10, 'n_estimators': 100}",0.8146557667684429,0.03037632840785174,0.7574831839705229,0.8776144939467823,0.8216487737614498,0.7690274458407216,0.8833895380133624,105
136,100,6,6,10,1,log2,balanced,"{'class_weight': 'balanced', 'max_depth': 6, 'max_features': 'log2', 'min_samples_leaf': 1, 'min_samples_split': 10, 'n_estimators': 100}",0.8146557667684429,0.03037632840785174,0.7574831839705229,0.8776144939467823,0.8216487737614498,0.7690274458407216,0.8833895380133624,106
126,500,6,6,10,1,sqrt,balanced,"{'class_weight': 'balanced', 'max_depth': 6, 'max_features': 'sqrt', 'min_samples_leaf': 1, 'min_samples_split': 10, 'n_estimators': 500}",0.8146557667684429,0.03407006507022855,0.756907348007389,0.8781549560389686,0.8216487737614498,0.7690274458407216,0.8833895380133624,107
138,500,6,6,10,1,log2,balanced,"{'class_weight': 'balanced', 'max_depth': 6, 'max_features': 'log2', 'min_samples_leaf': 1, 'min_samples_split': 10, 'n_estimators': 500}",0.8146557667684429,0.03407006507022855,0.756907348007389,0.8781549560389686,0.8216487737614498,0.7690274458407216,0.8833895380133624,108
25,100,6,6,2,1,sqrt,None,"{'class_weight': None, 'max_depth': 6, 'max_features': 'sqrt', 'min_samples_leaf': 1, 'min_samples_split': 2, 'n_estimators': 100}",0.8146262188515709,0.02183252280187903,0.7378343761999974,0.8757876175548589,0.8216389244558258,0.7450375774419548,0.8787972858153109,109
37,100,6,6,2,1,log2,None,"{'class_weight': None, 'max_depth': 6, 'max_features': 'log2', 'min_samples_leaf': 1, 'min_samples_split': 2, 'n_estimators': 100}",0.8146262188515709,0.02183252280187903,0.7378343761999974,0.8757876175548589,0.8216389244558258,0.7450375774419548,0.8790777946655689,110
57,500,8,8,2,5,sqrt,None,"{'class_weight': None, 'max_depth': 8, 'max_features': 'sqrt', 'min_samples_leaf': 5, 'min_samples_split': 2, 'n_estimators': 500}",0.8146163695459471,0.02364008989173885,0.7348544574615634,0.8808777693338822,0.8216389244558258,0.7450375774419548,0.8808777693338822,111
60,500,8,8,10,5,sqrt,None,"{'class_weight': None, 'max_depth': 8, 'max_features': 'sqrt', 'min_samples_leaf': 5, 'min_samples_split': 10, 'n_estimators': 500}",0.8146163695459471,0.02364008989173885,0.7348544574615634,0.8808777693338822,0.8216389244558258,0.7450375774419548,0.8808777693338822,112
69,500,8,8,2,5,log2,None,"{'class_weight': None, 'max_depth': 8, 'max_features': 'log2', 'min_samples_leaf': 5, 'min_samples_split': 2, 'n_estimators': 500}",0.8146163695459471,0.02364008989173885,0.7348544574615634,0.8808777693338822,0.8216389244558258,0.7450375774419548,0.8808777693338822,113
72,500,8,8,10,5,log2,None,"{'class_weight': None, 'max_depth': 8, 'max_features': 'log2', 'min_samples_leaf': 5, 'min_samples_split': 10, 'n_estimators': 500}",0.8146163695459471,0.02364008989173885,0.7348544574615634,0.8808777693338822,0.8216389244558258,0.7450375774419548,0.8808777693338822,114
153,500,8,8,2,5,sqrt,balanced,"{'class_weight': 'balanced', 'max_depth': 8, 'max_features': 'sqrt', 'min_samples_leaf': 5, 'min_samples_split': 2, 'n_estimators': 500}",0.8132276174529697,0.029897933465478258,0.7589074285657362,0.8815213788881501,0.8287107258938246,0.7730770342535049,0.8833895380133624,115
156,500,8,8,10,5,sqrt,balanced,"{'class_weight': 'balanced', 'max_depth': 8, 'max_features': 'sqrt', 'min_samples_leaf': 5, 'min_samples_split': 10, 'n_estimators': 500}",0.8132276174529697,0.029897933465478258,0.7589074285657362,0.8815213788881501,0.8287107258938246,0.7730770342535049,0.8833895380133624,116
165,500,8,8,2,5,log2,balanced,"{'class_weight': 'balanced', 'max_depth': 8, 'max_features': 'log2', 'min_samples_leaf': 5, 'min_samples_split': 2, 'n_estimators': 500}",0.8132276174529697,0.029897933465478258,0.7589074285657362,0.8815213788881501,0.8287107258938246,0.7730770342535049,0.8833895380133624,117
168,500,8,8,10,5,log2,balanced,"{'class_weight': 'balanced', 'max_depth': 8, 'max_features': 'log2', 'min_samples_leaf': 5, 'min_samples_split': 10, 'n_estimators': 500}",0.8132276174529697,0.029897933465478258,0.7589074285657362,0.8815213788881501,0.8287107258938246,0.7730770342535049,0.8833895380133624,118
177,500,None,999,2,5,sqrt,balanced,"{'class_weight': 'balanced', 'max_depth': None, 'max_features': 'sqrt', 'min_samples_leaf': 5, 'min_samples_split': 2, 'n_estimators': 500}",0.8132276174529697,0.029568996715892595,0.7580224728135239,0.8830684061091585,0.8287107258938246,0.7730770342535049,0.8833922295050822,119
180,500,None,999,10,5,sqrt,balanced,"{'class_weight': 'balanced', 'max_depth': None, 'max_features': 'sqrt', 'min_samples_leaf': 5, 'min_samples_split': 10, 'n_estimators': 500}",0.8132276174529697,0.029568996715892595,0.7580224728135239,0.8830684061091585,0.8287107258938246,0.7730770342535049,0.8833922295050822,120
189,500,None,999,2,5,log2,balanced,"{'class_weight': 'balanced', 'max_depth': None, 'max_features': 'log2', 'min_samples_leaf': 5, 'min_samples_split': 2, 'n_estimators': 500}",0.8132276174529697,0.029568996715892595,0.7580224728135239,0.8830684061091585,0.8287107258938246,0.7730770342535049,0.8833922295050822,121
192,500,None,999,10,5,log2,balanced,"{'class_weight': 'balanced', 'max_depth': None, 'max_features': 'log2', 'min_samples_leaf': 5, 'min_samples_split': 10, 'n_estimators': 500}",0.8132276174529697,0.029568996715892595,0.7580224728135239,0.8830684061091585,0.8287107258938246,0.7730770342535049,0.8833922295050822,122
103,100,4,4,2,5,sqrt,balanced,"{'class_weight': 'balanced', 'max_depth': 4, 'max_features': 'sqrt', 'min_samples_leaf': 5, 'min_samples_split': 2, 'n_estimators': 100}",0.8132177681473456,0.03836287977476977,0.7623392866995574,0.8770830034936618,0.8216487737614498,0.7690274458407216,0.8833895380133624,123
106,100,4,4,10,5,sqrt,balanced,"{'class_weight': 'balanced', 'max_depth': 4, 'max_features': 'sqrt', 'min_samples_leaf': 5, 'min_samples_split': 10, 'n_estimators': 100}",0.8132177681473456,0.03836287977476977,0.7623392866995574,0.8770830034936618,0.8216487737614498,0.7690274458407216,0.8833895380133624,124
115,100,4,4,2,5,log2,balanced,"{'class_weight': 'balanced', 'max_depth': 4, 'max_features': 'log2', 'min_samples_leaf': 5, 'min_samples_split': 2, 'n_estimators': 100}",0.8132177681473456,0.03836287977476977,0.7623392866995574,0.8770830034936618,0.8216487737614498,0.7690274458407216,0.8833895380133624,125
118,100,4,4,10,5,log2,balanced,"{'class_weight': 'balanced', 'max_depth': 4, 'max_features': 'log2', 'min_samples_leaf': 5, 'min_samples_split': 10, 'n_estimators': 100}",0.8132177681473456,0.03836287977476977,0.7623392866995574,0.8770830034936618,0.8216487737614498,0.7690274458407216,0.8833895380133624,126
100,100,4,4,10,1,sqrt,balanced,"{'class_weight': 'balanced', 'max_depth': 4, 'max_features': 'sqrt', 'min_samples_leaf': 1, 'min_samples_split': 10, 'n_estimators': 100}",0.8132177681473456,0.03836287977476977,0.7622698562531868,0.8793763655362401,0.8216487737614498,0.7690274458407216,0.8833895380133624,127
112,100,4,4,10,1,log2,balanced,"{'class_weight': 'balanced', 'max_depth': 4, 'max_features': 'log2', 'min_samples_leaf': 1, 'min_samples_split': 10, 'n_estimators': 100}",0.8132177681473456,0.03836287977476977,0.7622698562531868,0.8793763655362401,0.8216487737614498,0.7690274458407216,0.8833895380133624,128
2,300,4,4,2,1,sqrt,None,"{'class_weight': None, 'max_depth': 4, 'max_features': 'sqrt', 'min_samples_leaf': 1, 'min_samples_split': 2, 'n_estimators': 300}",0.8132079188417215,0.02242265324895074,0.7365611047204018,0.8762579425392903,0.8160248202501725,0.7416949676159368,0.8778702252409151,129
14,300,4,4,2,1,log2,None,"{'class_weight': None, 'max_depth': 4, 'max_features': 'log2', 'min_samples_leaf': 1, 'min_samples_split': 2, 'n_estimators': 300}",0.8132079188417215,0.02242265324895074,0.7365611047204018,0.8762579425392903,0.8216389244558258,0.7450375774419548,0.8787972858153109,130
4,100,4,4,10,1,sqrt,None,"{'class_weight': None, 'max_depth': 4, 'max_features': 'sqrt', 'min_samples_leaf': 1, 'min_samples_split': 10, 'n_estimators': 100}",0.8131980695360979,0.01813051982185259,0.7370965667995371,0.8778029775286829,0.8174135723431497,0.7419861097739695,0.8778702252409151,131
16,100,4,4,10,1,log2,None,"{'class_weight': None, 'max_depth': 4, 'max_features': 'log2', 'min_samples_leaf': 1, 'min_samples_split': 10, 'n_estimators': 100}",0.8131980695360979,0.01813051982185259,0.7370965667995371,0.8778029775286829,0.8216389244558258,0.7450375774419548,0.8787972858153109,132
79,100,None,999,2,5,sqrt,None,"{'class_weight': None, 'max_depth': None, 'max_features': 'sqrt', 'min_samples_leaf': 5, 'min_samples_split': 2, 'n_estimators': 100}",0.8131980695360976,0.02686246031711043,0.7343329811581506,0.8830085336119818,0.8216487737614498,0.7531526405271215,0.8830085336119818,133
82,100,None,999,10,5,sqrt,None,"{'class_weight': None, 'max_depth': None, 'max_features': 'sqrt', 'min_samples_leaf': 5, 'min_samples_split': 10, 'n_estimators': 100}",0.8131980695360976,0.02686246031711043,0.7343329811581506,0.8830085336119818,0.8216487737614498,0.7531526405271215,0.8833895380133624,134
91,100,None,999,2,5,log2,None,"{'class_weight': None, 'max_depth': None, 'max_features': 'log2', 'min_samples_leaf': 5, 'min_samples_split': 2, 'n_estimators': 100}",0.8131980695360976,0.02686246031711043,0.7343329811581506,0.8830085336119818,0.8216487737614498,0.7531526405271215,0.8833895380133624,135
94,100,None,999,10,5,log2,None,"{'class_weight': None, 'max_depth': None, 'max_features': 'log2', 'min_samples_leaf': 5, 'min_samples_split': 10, 'n_estimators': 100}",0.8131980695360976,0.02686246031711043,0.7343329811581506,0.8830085336119818,0.8216487737614498,0.7531526405271215,0.8833895380133624,136
31,100,6,6,2,5,sqrt,None,"{'class_weight': None, 'max_depth': 6, 'max_features': 'sqrt', 'min_samples_leaf': 5, 'min_samples_split': 2, 'n_estimators': 100}",0.8131882202304738,0.02658020121439758,0.7321388577827548,0.8778029511415092,0.8216389244558258,0.7450375774419548,0.8790777946655689,137
34,100,6,6,10,5,sqrt,None,"{'class_weight': None, 'max_depth': 6, 'max_features': 'sqrt', 'min_samples_leaf': 5, 'min_samples_split': 10, 'n_estimators': 100}",0.8131882202304738,0.02658020121439758,0.7321388577827548,0.8778029511415092,0.8216389244558258,0.7450375774419548,0.8790777946655689,138
43,100,6,6,2,5,log2,None,"{'class_weight': None, 'max_depth': 6, 'max_features': 'log2', 'min_samples_leaf': 5, 'min_samples_split': 2, 'n_estimators': 100}",0.8131882202304738,0.02658020121439758,0.7321388577827548,0.8778029511415092,0.8216389244558258,0.7450375774419548,0.8790777946655689,139
46,100,6,6,10,5,log2,None,"{'class_weight': None, 'max_depth': 6, 'max_features': 'log2', 'min_samples_leaf': 5, 'min_samples_split': 10, 'n_estimators': 100}",0.8131882202304738,0.02658020121439758,0.7321388577827548,0.8778029511415092,0.8216389244558258,0.7450375774419548,0.8790777946655689,140
125,300,6,6,10,1,sqrt,balanced,"{'class_weight': 'balanced', 'max_depth': 6, 'max_features': 'sqrt', 'min_samples_leaf': 1, 'min_samples_split': 10, 'n_estimators': 300}",0.8118388653599921,0.031010432005188836,0.7521324810289721,0.8774104947067329,0.8216487737614498,0.7690274458407216,0.8833895380133624,141
137,300,6,6,10,1,log2,balanced,"{'class_weight': 'balanced', 'max_depth': 6, 'max_features': 'log2', 'min_samples_leaf': 1, 'min_samples_split': 10, 'n_estimators': 300}",0.8118388653599921,0.031010432005188836,0.7521324810289721,0.8774104947067329,0.8216487737614498,0.7690274458407216,0.8833895380133624,142
152,300,8,8,2,5,sqrt,balanced,"{'class_weight': 'balanced', 'max_depth': 8, 'max_features': 'sqrt', 'min_samples_leaf': 5, 'min_samples_split': 2, 'n_estimators': 300}",0.8118191667487441,0.02814757507679089,0.7573764352871701,0.8818926991967745,0.8287107258938246,0.7730770342535049,0.8833895380133624,143
155,300,8,8,10,5,sqrt,balanced,"{'class_weight': 'balanced', 'max_depth': 8, 'max_features': 'sqrt', 'min_samples_leaf': 5, 'min_samples_split': 10, 'n_estimators': 300}",0.8118191667487441,0.02814757507679089,0.7573764352871701,0.8818926991967745,0.8287107258938246,0.7730770342535049,0.8833895380133624,144
164,300,8,8,2,5,log2,balanced,"{'class_weight': 'balanced', 'max_depth': 8, 'max_features': 'log2', 'min_samples_leaf': 5, 'min_samples_split': 2, 'n_estimators': 300}",0.8118191667487441,0.02814757507679089,0.7573764352871701,0.8818926991967745,0.8287107258938246,0.7730770342535049,0.8833895380133624,145
167,300,8,8,10,5,log2,balanced,"{'class_weight': 'balanced', 'max_depth': 8, 'max_features': 'log2', 'min_samples_leaf': 5, 'min_samples_split': 10, 'n_estimators': 300}",0.8118191667487441,0.02814757507679089,0.7573764352871701,0.8818926991967745,0.8287107258938246,0.7730770342535049,0.8833895380133624,146
49,100,8,8,2,1,sqrt,None,"{'class_weight': None, 'max_depth': 8, 'max_features': 'sqrt', 'min_samples_leaf': 1, 'min_samples_split': 2, 'n_estimators': 100}",0.8118093174431202,0.01785227331699071,0.7383363757092276,0.8742760678889205,0.8216389244558258,0.7450375774419548,0.8790777946655689,147
61,100,8,8,2,1,log2,None,"{'class_weight': None, 'max_depth': 8, 'max_features': 'log2', 'min_samples_leaf': 1, 'min_samples_split': 2, 'n_estimators': 100}",0.8118093174431202,0.01785227331699071,0.7383363757092276,0.8742760678889205,0.8216389244558258,0.7450375774419548,0.8808777693338822,148
56,300,8,8,2,5,sqrt,None,"{'class_weight': None, 'max_depth': 8, 'max_features': 'sqrt', 'min_samples_leaf': 5, 'min_samples_split': 2, 'n_estimators': 300}",0.8117994681374963,0.022764185117501626,0.7305226172226683,0.8804243849149807,0.8216389244558258,0.7450375774419548,0.8804243849149807,149
59,300,8,8,10,5,sqrt,None,"{'class_weight': None, 'max_depth': 8, 'max_features': 'sqrt', 'min_samples_leaf': 5, 'min_samples_split': 10, 'n_estimators': 300}",0.8117994681374963,0.022764185117501626,0.7305226172226683,0.8804243849149807,0.8216389244558258,0.7450375774419548,0.8808777693338822,150
68,300,8,8,2,5,log2,None,"{'class_weight': None, 'max_depth': 8, 'max_features': 'log2', 'min_samples_leaf': 5, 'min_samples_split': 2, 'n_estimators': 300}",0.8117994681374963,0.022764185117501626,0.7305226172226683,0.8804243849149807,0.8216389244558258,0.7450375774419548,0.8808777693338822,151
71,300,8,8,10,5,log2,None,"{'class_weight': None, 'max_depth': 8, 'max_features': 'log2', 'min_samples_leaf': 5, 'min_samples_split': 10, 'n_estimators': 300}",0.8117994681374963,0.022764185117501626,0.7305226172226683,0.8804243849149807,0.8216389244558258,0.7450375774419548,0.8808777693338822,152
52,100,8,8,10,1,sqrt,None,"{'class_weight': None, 'max_depth': 8, 'max_features': 'sqrt', 'min_samples_leaf': 1, 'min_samples_split': 10, 'n_estimators': 100}",0.8104107160445189,0.029037991371686007,0.733638439616764,0.8761298328108673,0.8216389244558258,0.7450375774419548,0.8790777946655689,153
64,100,8,8,10,1,log2,None,"{'class_weight': None, 'max_depth': 8, 'max_features': 'log2', 'min_samples_leaf': 1, 'min_samples_split': 10, 'n_estimators': 100}",0.8104107160445189,0.029037991371686007,0.733638439616764,0.8761298328108673,0.8216389244558258,0.7450375774419548,0.8808777693338822,154
55,100,8,8,2,5,sqrt,None,"{'class_weight': None, 'max_depth': 8, 'max_features': 'sqrt', 'min_samples_leaf': 5, 'min_samples_split': 2, 'n_estimators': 100}",0.810400866738895,0.024616742956052217,0.7304718861128451,0.8795794148380354,0.8216389244558258,0.7450375774419548,0.8795794148380354,155
58,100,8,8,10,5,sqrt,None,"{'class_weight': None, 'max_depth': 8, 'max_features': 'sqrt', 'min_samples_leaf': 5, 'min_samples_split': 10, 'n_estimators': 100}",0.810400866738895,0.024616742956052217,0.7304718861128451,0.8795794148380354,0.8216389244558258,0.7450375774419548,0.8808777693338822,156
67,100,8,8,2,5,log2,None,"{'class_weight': None, 'max_depth': 8, 'max_features': 'log2', 'min_samples_leaf': 5, 'min_samples_split': 2, 'n_estimators': 100}",0.810400866738895,0.024616742956052217,0.7304718861128451,0.8795794148380354,0.8216389244558258,0.7450375774419548,0.8808777693338822,157
70,100,8,8,10,5,log2,None,"{'class_weight': None, 'max_depth': 8, 'max_features': 'log2', 'min_samples_leaf': 5, 'min_samples_split': 10, 'n_estimators': 100}",0.810400866738895,0.024616742956052217,0.7304718861128451,0.8795794148380354,0.8216389244558258,0.7450375774419548,0.8808777693338822,158
28,100,6,6,10,1,sqrt,None,"{'class_weight': None, 'max_depth': 6, 'max_features': 'sqrt', 'min_samples_leaf': 1, 'min_samples_split': 10, 'n_estimators': 100}",0.810400866738895,0.024256102346153358,0.7293162982396251,0.8768964329818563,0.8216389244558258,0.7450375774419548,0.8790777946655689,159
40,100,6,6,10,1,log2,None,"{'class_weight': None, 'max_depth': 6, 'max_features': 'log2', 'min_samples_leaf': 1, 'min_samples_split': 10, 'n_estimators': 100}",0.810400866738895,0.024256102346153358,0.7293162982396251,0.8768964329818563,0.8216389244558258,0.7450375774419548,0.8790777946655689,160
176,300,None,999,2,5,sqrt,balanced,"{'class_weight': 'balanced', 'max_depth': None, 'max_features': 'sqrt', 'min_samples_leaf': 5, 'min_samples_split': 2, 'n_estimators': 300}",0.8090219639515415,0.0290976060879748,0.7538599005875893,0.8833922295050822,0.8287107258938246,0.7730770342535049,0.8833922295050822,161
179,300,None,999,10,5,sqrt,balanced,"{'class_weight': 'balanced', 'max_depth': None, 'max_features': 'sqrt', 'min_samples_leaf': 5, 'min_samples_split': 10, 'n_estimators': 300}",0.8090219639515415,0.0290976060879748,0.7538599005875893,0.8833922295050822,0.8287107258938246,0.7730770342535049,0.8833922295050822,162
188,300,None,999,2,5,log2,balanced,"{'class_weight': 'balanced', 'max_depth': None, 'max_features': 'log2', 'min_samples_leaf': 5, 'min_samples_split': 2, 'n_estimators': 300}",0.8090219639515415,0.0290976060879748,0.7538599005875893,0.8833922295050822,0.8287107258938246,0.7730770342535049,0.8833922295050822,163
191,300,None,999,10,5,log2,balanced,"{'class_weight': 'balanced', 'max_depth': None, 'max_features': 'log2', 'min_samples_leaf': 5, 'min_samples_split': 10, 'n_estimators': 300}",0.8090219639515415,0.0290976060879748,0.7538599005875893,0.8833922295050822,0.8287107258938246,0.7730770342535049,0.8833922295050822,164
175,100,None,999,2,5,sqrt,balanced,"{'class_weight': 'balanced', 'max_depth': None, 'max_features': 'sqrt', 'min_samples_leaf': 5, 'min_samples_split': 2, 'n_estimators': 100}",0.8090219639515415,0.018735362516731746,0.7523603406660823,0.8830108556832694,0.8287107258938246,0.7730770342535049,0.8833895380133624,165
178,100,None,999,10,5,sqrt,balanced,"{'class_weight': 'balanced', 'max_depth': None, 'max_features': 'sqrt', 'min_samples_leaf': 5, 'min_samples_split': 10, 'n_estimators': 100}",0.8090219639515415,0.018735362516731746,0.7523603406660823,0.8830108556832694,0.8287107258938246,0.7730770342535049,0.8833922295050822,166
187,100,None,999,2,5,log2,balanced,"{'class_weight': 'balanced', 'max_depth': None, 'max_features': 'log2', 'min_samples_leaf': 5, 'min_samples_split': 2, 'n_estimators': 100}",0.8090219639515415,0.018735362516731746,0.7523603406660823,0.8830108556832694,0.8287107258938246,0.7730770342535049,0.8833922295050822,167
190,100,None,999,10,5,log2,balanced,"{'class_weight': 'balanced', 'max_depth': None, 'max_features': 'log2', 'min_samples_leaf': 5, 'min_samples_split': 10, 'n_estimators': 100}",0.8090219639515415,0.018735362516731746,0.7523603406660823,0.8830108556832694,0.8287107258938246,0.7730770342535049,0.8833922295050822,168
127,100,6,6,2,5,sqrt,balanced,"{'class_weight': 'balanced', 'max_depth': 6, 'max_features': 'sqrt', 'min_samples_leaf': 5, 'min_samples_split': 2, 'n_estimators': 100}",0.8089924160346695,0.029309084346469894,0.7518346085393696,0.8793933852632911,0.8216487737614498,0.7690274458407216,0.8833895380133624,169
130,100,6,6,10,5,sqrt,balanced,"{'class_weight': 'balanced', 'max_depth': 6, 'max_features': 'sqrt', 'min_samples_leaf': 5, 'min_samples_split': 10, 'n_estimators': 100}",0.8089924160346695,0.029309084346469894,0.7518346085393696,0.8793933852632911,0.8216487737614498,0.7690274458407216,0.8833895380133624,170
139,100,6,6,2,5,log2,balanced,"{'class_weight': 'balanced', 'max_depth': 6, 'max_features': 'log2', 'min_samples_leaf': 5, 'min_samples_split': 2, 'n_estimators': 100}",0.8089924160346695,0.029309084346469894,0.7518346085393696,0.8793933852632911,0.8216487737614498,0.7690274458407216,0.8833895380133624,171
142,100,6,6,10,5,log2,balanced,"{'class_weight': 'balanced', 'max_depth': 6, 'max_features': 'log2', 'min_samples_leaf': 5, 'min_samples_split': 10, 'n_estimators': 100}",0.8089924160346695,0.029309084346469894,0.7518346085393696,0.8793933852632911,0.8216487737614498,0.7690274458407216,0.8833895380133624,172
169,100,None,999,2,1,sqrt,balanced,"{'class_weight': 'balanced', 'max_depth': None, 'max_features': 'sqrt', 'min_samples_leaf': 1, 'min_samples_split': 2, 'n_estimators': 100}",0.8075839653304442,0.015797420391551197,0.7459454548636396,0.8686785171463856,0.8287107258938246,0.7730770342535049,0.8833895380133624,173
181,100,None,999,2,1,log2,balanced,"{'class_weight': 'balanced', 'max_depth': None, 'max_features': 'log2', 'min_samples_leaf': 1, 'min_samples_split': 2, 'n_estimators': 100}",0.8075839653304442,0.015797420391551197,0.7459454548636396,0.8686785171463856,0.8287107258938246,0.7730770342535049,0.8833922295050822,174
128,300,6,6,2,5,sqrt,balanced,"{'class_weight': 'balanced', 'max_depth': 6, 'max_features': 'sqrt', 'min_samples_leaf': 5, 'min_samples_split': 2, 'n_estimators': 300}",0.8061952132374668,0.024891644850306906,0.7470717469921048,0.8784874344278734,0.8216487737614498,0.7690274458407216,0.8833895380133624,175
131,300,6,6,10,5,sqrt,balanced,"{'class_weight': 'balanced', 'max_depth': 6, 'max_features': 'sqrt', 'min_samples_leaf': 5, 'min_samples_split': 10, 'n_estimators': 300}",0.8061952132374668,0.024891644850306906,0.7470717469921048,0.8784874344278734,0.8216487737614498,0.7690274458407216,0.8833895380133624,176
140,300,6,6,2,5,log2,balanced,"{'class_weight': 'balanced', 'max_depth': 6, 'max_features': 'log2', 'min_samples_leaf': 5, 'min_samples_split': 2, 'n_estimators': 300}",0.8061952132374668,0.024891644850306906,0.7470717469921048,0.8784874344278734,0.8216487737614498,0.7690274458407216,0.8833895380133624,177
143,300,6,6,10,5,log2,balanced,"{'class_weight': 'balanced', 'max_depth': 6, 'max_features': 'log2', 'min_samples_leaf': 5, 'min_samples_split': 10, 'n_estimators': 300}",0.8061952132374668,0.024891644850306906,0.7470717469921048,0.8784874344278734,0.8216487737614498,0.7690274458407216,0.8833895380133624,178
74,300,None,999,2,1,sqrt,None,"{'class_weight': None, 'max_depth': None, 'max_features': 'sqrt', 'min_samples_leaf': 1, 'min_samples_split': 2, 'n_estimators': 300}",0.8047966118388654,0.024767927258551186,0.7437979265688895,0.8694549201524122,0.8216389244558258,0.7450375774419548,0.8808777693338822,179
86,300,None,999,2,1,log2,None,"{'class_weight': None, 'max_depth': None, 'max_features': 'log2', 'min_samples_leaf': 1, 'min_samples_split': 2, 'n_estimators': 300}",0.8047966118388654,0.024767927258551186,0.7437979265688895,0.8694549201524122,0.8216487737614498,0.7531526405271215,0.8833895380133624,180
73,100,None,999,2,1,sqrt,None,"{'class_weight': None, 'max_depth': None, 'max_features': 'sqrt', 'min_samples_leaf': 1, 'min_samples_split': 2, 'n_estimators': 100}",0.8047867625332413,0.018440125557989344,0.7444828837356978,0.8689787372154143,0.8216389244558258,0.7450375774419548,0.8808777693338822,181
85,100,None,999,2,1,log2,None,"{'class_weight': None, 'max_depth': None, 'max_features': 'log2', 'min_samples_leaf': 1, 'min_samples_split': 2, 'n_estimators': 100}",0.8047867625332413,0.018440125557989344,0.7444828837356978,0.8689787372154143,0.8216487737614498,0.7531526405271215,0.8833895380133624,182
75,500,None,999,2,1,sqrt,None,"{'class_weight': None, 'max_depth': None, 'max_features': 'sqrt', 'min_samples_leaf': 1, 'min_samples_split': 2, 'n_estimators': 500}",0.8019994090416626,0.025452549599960933,0.7393133856405566,0.8697468282617186,0.8216389244558258,0.7450375774419548,0.8808777693338822,183
87,500,None,999,2,1,log2,None,"{'class_weight': None, 'max_depth': None, 'max_features': 'log2', 'min_samples_leaf': 1, 'min_samples_split': 2, 'n_estimators': 500}",0.8019994090416626,0.025452549599960933,0.7393133856405566,0.8697468282617186,0.8216487737614498,0.7531526405271215,0.8833895380133624,184
170,300,None,999,2,1,sqrt,balanced,"{'class_weight': 'balanced', 'max_depth': None, 'max_features': 'sqrt', 'min_samples_leaf': 1, 'min_samples_split': 2, 'n_estimators': 300}",0.8005909583374372,0.019896119074190206,0.7375323113085674,0.8694452360596563,0.8287107258938246,0.7730770342535049,0.8833895380133624,185
182,300,None,999,2,1,log2,balanced,"{'class_weight': 'balanced', 'max_depth': None, 'max_features': 'log2', 'min_samples_leaf': 1, 'min_samples_split': 2, 'n_estimators': 300}",0.8005909583374372,0.019896119074190206,0.7375323113085674,0.8694452360596563,0.8287107258938246,0.7730770342535049,0.8833922295050822,186
129,500,6,6,2,5,sqrt,balanced,"{'class_weight': 'balanced', 'max_depth': 6, 'max_features': 'sqrt', 'min_samples_leaf': 5, 'min_samples_split': 2, 'n_estimators': 500}",0.8005811090318133,0.03214372762163496,0.7398359858276568,0.8786544388503635,0.8216487737614498,0.7690274458407216,0.8833895380133624,187
132,500,6,6,10,5,sqrt,balanced,"{'class_weight': 'balanced', 'max_depth': 6, 'max_features': 'sqrt', 'min_samples_leaf': 5, 'min_samples_split': 10, 'n_estimators': 500}",0.8005811090318133,0.03214372762163496,0.7398359858276568,0.8786544388503635,0.8216487737614498,0.7690274458407216,0.8833895380133624,188
141,500,6,6,2,5,log2,balanced,"{'class_weight': 'balanced', 'max_depth': 6, 'max_features': 'log2', 'min_samples_leaf': 5, 'min_samples_split': 2, 'n_estimators': 500}",0.8005811090318133,0.03214372762163496,0.7398359858276568,0.8786544388503635,0.8216487737614498,0.7690274458407216,0.8833895380133624,189
144,500,6,6,10,5,log2,balanced,"{'class_weight': 'balanced', 'max_depth': 6, 'max_features': 'log2', 'min_samples_leaf': 5, 'min_samples_split': 10, 'n_estimators': 500}",0.8005811090318133,0.03214372762163496,0.7398359858276568,0.8786544388503635,0.8216487737614498,0.7690274458407216,0.8833895380133624,190
171,500,None,999,2,1,sqrt,balanced,"{'class_weight': 'balanced', 'max_depth': None, 'max_features': 'sqrt', 'min_samples_leaf': 1, 'min_samples_split': 2, 'n_estimators': 500}",0.7991923569388357,0.020801878045693882,0.737195935972192,0.8697606287535755,0.8287107258938246,0.7730770342535049,0.8833895380133624,191
183,500,None,999,2,1,log2,balanced,"{'class_weight': 'balanced', 'max_depth': None, 'max_features': 'log2', 'min_samples_leaf': 1, 'min_samples_split': 2, 'n_estimators': 500}",0.7991923569388357,0.020801878045693882,0.737195935972192,0.8697606287535755,0.8287107258938246,0.7730770342535049,0.8833922295050822,192
