trial,kernel,C,gamma,degree,coef0,class_weight,params,valid_accuracy,valid_f1,valid_roc_auc,running_best_accuracy,running_best_f1,running_best_roc_auc,rank
14,rbf,1.0,0.1,None,None,balanced,"{'model__C': 1.0, 'model__class_weight': 'balanced', 'model__gamma': 0.1, 'model__kernel': 'rbf'}",0.8268156424581006,0.7703703703703704,0.8428194993412385,0.8268156424581006,0.7703703703703704,0.8428194993412385,1
13,rbf,1.0,scale,None,None,balanced,"{'model__C': 1.0, 'model__class_weight': 'balanced', 'model__gamma': 'scale', 'model__kernel': 'rbf'}",0.8268156424581006,0.7703703703703704,0.8421607378129118,0.8268156424581006,0.7703703703703704,0.8424242424242425,2
27,poly,10.0,scale,2,0.0,None,"{'model__C': 10.0, 'model__class_weight': None, 'model__coef0': 0.0, 'model__degree': 2, 'model__gamma': 'scale', 'model__kernel': 'poly'}",0.8212290502793296,0.7538461538461538,0.8213438735177865,0.8268156424581006,0.7703703703703704,0.8484848484848485,3
25,poly,1.0,scale,2,0.0,balanced,"{'model__C': 1.0, 'model__class_weight': 'balanced', 'model__coef0': 0.0, 'model__degree': 2, 'model__gamma': 'scale', 'model__kernel': 'poly'}",0.8212290502793296,0.75,0.8484848484848485,0.8268156424581006,0.7703703703703704,0.8484848484848485,4
12,rbf,1.0,0.1,None,None,None,"{'model__C': 1.0, 'model__class_weight': None, 'model__gamma': 0.1, 'model__kernel': 'rbf'}",0.8212290502793296,0.7419354838709677,0.8368906455862978,0.8212290502793296,0.75,0.8424242424242425,5
24,poly,1.0,scale,3,0.0,None,"{'model__C': 1.0, 'model__class_weight': None, 'model__coef0': 0.0, 'model__degree': 3, 'model__gamma': 'scale', 'model__kernel': 'poly'}",0.8212290502793296,0.7288135593220338,0.8380764163372859,0.8268156424581006,0.7703703703703704,0.8476943346508564,6
9,rbf,0.1,scale,None,None,balanced,"{'model__C': 0.1, 'model__class_weight': 'balanced', 'model__gamma': 'scale', 'model__kernel': 'rbf'}",0.8100558659217877,0.75,0.8291172595520422,0.8100558659217877,0.75,0.8424242424242425,7
29,poly,10.0,scale,2,0.0,balanced,"{'model__C': 10.0, 'model__class_weight': 'balanced', 'model__coef0': 0.0, 'model__degree': 2, 'model__gamma': 'scale', 'model__kernel': 'poly'}",0.8100558659217877,0.746268656716418,0.8488801054018446,0.8268156424581006,0.7703703703703704,0.8488801054018446,8
11,rbf,1.0,scale,None,None,None,"{'model__C': 1.0, 'model__class_weight': None, 'model__gamma': 'scale', 'model__kernel': 'rbf'}",0.8100558659217877,0.7258064516129032,0.8405797101449275,0.8100558659217877,0.75,0.8424242424242425,9
15,rbf,10.0,scale,None,None,None,"{'model__C': 10.0, 'model__class_weight': None, 'model__gamma': 'scale', 'model__kernel': 'rbf'}",0.8100558659217877,0.7258064516129032,0.80566534914361,0.8268156424581006,0.7703703703703704,0.8428194993412385,10
10,rbf,0.1,0.1,None,None,balanced,"{'model__C': 0.1, 'model__class_weight': 'balanced', 'model__gamma': 0.1, 'model__kernel': 'rbf'}",0.8044692737430168,0.7407407407407407,0.8276679841897233,0.8100558659217877,0.75,0.8424242424242425,11
16,rbf,10.0,0.1,None,None,None,"{'model__C': 10.0, 'model__class_weight': None, 'model__gamma': 0.1, 'model__kernel': 'rbf'}",0.8044692737430168,0.72,0.8028985507246377,0.8268156424581006,0.7703703703703704,0.8428194993412385,12
23,poly,1.0,scale,2,0.0,None,"{'model__C': 1.0, 'model__class_weight': None, 'model__coef0': 0.0, 'model__degree': 2, 'model__gamma': 'scale', 'model__kernel': 'poly'}",0.8044692737430168,0.7008547008547008,0.8237154150197628,0.8268156424581006,0.7703703703703704,0.8476943346508564,13
26,poly,1.0,scale,3,0.0,balanced,"{'model__C': 1.0, 'model__class_weight': 'balanced', 'model__coef0': 0.0, 'model__degree': 3, 'model__gamma': 'scale', 'model__kernel': 'poly'}",0.7988826815642458,0.7272727272727273,0.824901185770751,0.8268156424581006,0.7703703703703704,0.8484848484848485,14
8,rbf,0.1,0.1,None,None,None,"{'model__C': 0.1, 'model__class_weight': None, 'model__gamma': 0.1, 'model__kernel': 'rbf'}",0.7988826815642458,0.7096774193548387,0.829776021080369,0.7988826815642458,0.7131782945736435,0.8424242424242425,15
7,rbf,0.1,scale,None,None,None,"{'model__C': 0.1, 'model__class_weight': None, 'model__gamma': 'scale', 'model__kernel': 'rbf'}",0.7988826815642458,0.7096774193548387,0.8285902503293808,0.7988826815642458,0.7131782945736435,0.8424242424242425,16
3,linear,1.0,None,None,None,None,"{'model__C': 1.0, 'model__class_weight': None, 'model__kernel': 'linear'}",0.7932960893854749,0.7131782945736435,0.8108036890645586,0.7932960893854749,0.7131782945736435,0.8417654808959157,17
5,linear,10.0,None,None,None,None,"{'model__C': 10.0, 'model__class_weight': None, 'model__kernel': 'linear'}",0.7932960893854749,0.7131782945736435,0.8108036890645586,0.7932960893854749,0.7131782945736435,0.8417654808959157,18
17,rbf,10.0,scale,None,None,balanced,"{'model__C': 10.0, 'model__class_weight': 'balanced', 'model__gamma': 'scale', 'model__kernel': 'rbf'}",0.7877094972067039,0.7285714285714285,0.8208168642951251,0.8268156424581006,0.7703703703703704,0.8428194993412385,19
1,linear,0.1,None,None,None,None,"{'model__C': 0.1, 'model__class_weight': None, 'model__kernel': 'linear'}",0.7877094972067039,0.703125,0.8031620553359685,0.7877094972067039,0.703125,0.8031620553359685,20
28,poly,10.0,scale,3,0.0,None,"{'model__C': 10.0, 'model__class_weight': None, 'model__coef0': 0.0, 'model__degree': 3, 'model__gamma': 'scale', 'model__kernel': 'poly'}",0.7877094972067039,0.6833333333333333,0.8121212121212121,0.8268156424581006,0.7703703703703704,0.8484848484848485,21
18,rbf,10.0,0.1,None,None,balanced,"{'model__C': 10.0, 'model__class_weight': 'balanced', 'model__gamma': 0.1, 'model__kernel': 'rbf'}",0.7821229050279329,0.7194244604316546,0.8221343873517787,0.8268156424581006,0.7703703703703704,0.8428194993412385,22
6,linear,10.0,None,None,None,balanced,"{'model__C': 10.0, 'model__class_weight': 'balanced', 'model__kernel': 'linear'}",0.776536312849162,0.6923076923076923,0.8424242424242425,0.7932960893854749,0.7131782945736435,0.8424242424242425,23
2,linear,0.1,None,None,None,balanced,"{'model__C': 0.1, 'model__class_weight': 'balanced', 'model__kernel': 'linear'}",0.776536312849162,0.6923076923076923,0.8417654808959157,0.7877094972067039,0.703125,0.8417654808959157,24
4,linear,1.0,None,None,None,balanced,"{'model__C': 1.0, 'model__class_weight': 'balanced', 'model__kernel': 'linear'}",0.776536312849162,0.6923076923076923,0.8379446640316205,0.7932960893854749,0.7131782945736435,0.8417654808959157,25
34,sigmoid,0.1,0.1,None,0.0,balanced,"{'model__C': 0.1, 'model__class_weight': 'balanced', 'model__coef0': 0.0, 'model__gamma': 0.1, 'model__kernel': 'sigmoid'}",0.770949720670391,0.6917293233082706,0.7631093544137022,0.8268156424581006,0.7703703703703704,0.8488801054018446,26
30,poly,10.0,scale,3,0.0,balanced,"{'model__C': 10.0, 'model__class_weight': 'balanced', 'model__coef0': 0.0, 'model__degree': 3, 'model__gamma': 'scale', 'model__kernel': 'poly'}",0.770949720670391,0.6870229007633588,0.8230566534914361,0.8268156424581006,0.7703703703703704,0.8488801054018446,27
33,sigmoid,0.1,scale,None,0.0,balanced,"{'model__C': 0.1, 'model__class_weight': 'balanced', 'model__coef0': 0.0, 'model__gamma': 'scale', 'model__kernel': 'sigmoid'}",0.7597765363128491,0.6814814814814815,0.7584980237154149,0.8268156424581006,0.7703703703703704,0.8488801054018446,28
32,sigmoid,0.1,0.1,None,0.0,None,"{'model__C': 0.1, 'model__class_weight': None, 'model__coef0': 0.0, 'model__gamma': 0.1, 'model__kernel': 'sigmoid'}",0.7597765363128491,0.6717557251908397,0.7599472990777338,0.8268156424581006,0.7703703703703704,0.8488801054018446,29
31,sigmoid,0.1,scale,None,0.0,None,"{'model__C': 0.1, 'model__class_weight': None, 'model__coef0': 0.0, 'model__gamma': 'scale', 'model__kernel': 'sigmoid'}",0.7597765363128491,0.6717557251908397,0.7555994729907773,0.8268156424581006,0.7703703703703704,0.8488801054018446,30
22,poly,0.1,scale,3,0.0,balanced,"{'model__C': 0.1, 'model__class_weight': 'balanced', 'model__coef0': 0.0, 'model__degree': 3, 'model__gamma': 'scale', 'model__kernel': 'poly'}",0.7486033519553073,0.5871559633027523,0.8321475625823452,0.8268156424581006,0.7703703703703704,0.8476943346508564,31
38,sigmoid,1.0,0.1,None,0.0,balanced,"{'model__C': 1.0, 'model__class_weight': 'balanced', 'model__coef0': 0.0, 'model__gamma': 0.1, 'model__kernel': 'sigmoid'}",0.7318435754189944,0.6417910447761194,0.6902503293807641,0.8268156424581006,0.7703703703703704,0.8488801054018446,32
36,sigmoid,1.0,0.1,None,0.0,None,"{'model__C': 1.0, 'model__class_weight': None, 'model__coef0': 0.0, 'model__gamma': 0.1, 'model__kernel': 'sigmoid'}",0.7318435754189944,0.6065573770491803,0.6573122529644269,0.8268156424581006,0.7703703703703704,0.8488801054018446,33
20,poly,0.1,scale,3,0.0,None,"{'model__C': 0.1, 'model__class_weight': None, 'model__coef0': 0.0, 'model__degree': 3, 'model__gamma': 'scale', 'model__kernel': 'poly'}",0.7206703910614525,0.4897959183673469,0.8476943346508564,0.8268156424581006,0.7703703703703704,0.8476943346508564,34
35,sigmoid,1.0,scale,None,0.0,None,"{'model__C': 1.0, 'model__class_weight': None, 'model__coef0': 0.0, 'model__gamma': 'scale', 'model__kernel': 'sigmoid'}",0.7150837988826816,0.5641025641025641,0.6429512516469038,0.8268156424581006,0.7703703703703704,0.8488801054018446,35
37,sigmoid,1.0,scale,None,0.0,balanced,"{'model__C': 1.0, 'model__class_weight': 'balanced', 'model__coef0': 0.0, 'model__gamma': 'scale', 'model__kernel': 'sigmoid'}",0.7039106145251397,0.6074074074074074,0.6712779973649539,0.8268156424581006,0.7703703703703704,0.8488801054018446,36
40,sigmoid,10.0,0.1,None,0.0,None,"{'model__C': 10.0, 'model__class_weight': None, 'model__coef0': 0.0, 'model__gamma': 0.1, 'model__kernel': 'sigmoid'}",0.6927374301675978,0.5669291338582677,0.5985507246376811,0.8268156424581006,0.7703703703703704,0.8488801054018446,37
39,sigmoid,10.0,scale,None,0.0,None,"{'model__C': 10.0, 'model__class_weight': None, 'model__coef0': 0.0, 'model__gamma': 'scale', 'model__kernel': 'sigmoid'}",0.6871508379888268,0.5625,0.5861660079051384,0.8268156424581006,0.7703703703703704,0.8488801054018446,38
19,poly,0.1,scale,2,0.0,None,"{'model__C': 0.1, 'model__class_weight': None, 'model__coef0': 0.0, 'model__degree': 2, 'model__gamma': 'scale', 'model__kernel': 'poly'}",0.6815642458100558,0.3132530120481928,0.7391304347826086,0.8268156424581006,0.7703703703703704,0.8428194993412385,39
41,sigmoid,10.0,scale,None,0.0,balanced,"{'model__C': 10.0, 'model__class_weight': 'balanced', 'model__coef0': 0.0, 'model__gamma': 'scale', 'model__kernel': 'sigmoid'}",0.6759776536312849,0.5857142857142857,0.624110671936759,0.8268156424581006,0.7703703703703704,0.8488801054018446,40
21,poly,0.1,scale,2,0.0,balanced,"{'model__C': 0.1, 'model__class_weight': 'balanced', 'model__coef0': 0.0, 'model__degree': 2, 'model__gamma': 'scale', 'model__kernel': 'poly'}",0.6703910614525139,0.4778761061946903,0.6923583662714098,0.8268156424581006,0.7703703703703704,0.8476943346508564,41
42,sigmoid,10.0,0.1,None,0.0,balanced,"{'model__C': 10.0, 'model__class_weight': 'balanced', 'model__coef0': 0.0, 'model__gamma': 0.1, 'model__kernel': 'sigmoid'}",0.6424581005586593,0.5492957746478874,0.6200263504611332,0.8268156424581006,0.7703703703703704,0.8488801054018446,42
